{"type":"View","props":{"width":413,"height":102},"compId":2,"child":[{"type":"Box","props":{"y":-18,"x":129},"compId":11,"child":[{"type":"Sprite","props":{"y":2,"x":0,"width":158,"texture":"image/game/energy_bg.png","height":22},"compId":9},{"type":"Sprite","props":{"y":2,"x":0,"width":158,"var":"energy_bar","texture":"image/game/energy_progress.png","height":22},"compId":10}]},{"type":"Sprite","props":{"y":0,"x":0,"texture":"image/game/skill_box_bg.png"},"compId":3},{"type":"Box","props":{"y":3,"x":15,"width":289,"var":"skill_list","height":96},"compId":12,"child":[{"type":"skillItem","props":{"name":"item0","runtime":"view/scenes/game/skillItemView.ts"},"compId":4},{"type":"skillItem","props":{"x":97,"name":"item1","runtime":"view/scenes/game/skillItemView.ts"},"compId":5},{"type":"skillItem","props":{"x":194,"name":"item2","runtime":"view/scenes/game/skillItemView.ts"},"compId":6}]},{"type":"Sprite","props":{"y":5,"x":304,"var":"auto_shoot","texture":"image/game/skill_auto.png","mouseThrough":false,"mouseEnabled":true},"compId":15,"child":[{"type":"Image","props":{"y":60,"var":"auto_shoot_txt","skin":"image/international/auto_en.png","centerX":0},"compId":18},{"type":"SkeletonPlayer","props":{"y":47,"x":48,"width":39,"visible":false,"var":"auto_shoot_light","url":"ani/other/skill_border_light.sk","scaleY":1.02,"height":32,"runtime":"Laya.Skeleton"},"compId":19}]},{"type":"SkeletonPlayer","props":{"y":-270,"x":209,"visible":false,"var":"energy_light","url":"ani/other/energy_light.sk","scaleY":2,"scaleX":2,"runtime":"Laya.Skeleton"},"compId":13}],"loadList":["image/game/energy_bg.png","image/game/energy_progress.png","image/game/skill_box_bg.png","image/game/skill_auto.png","image/international/auto_en.png","ani/other/skill_border_light.sk","ani/other/energy_light.sk"],"loadList3D":[]}