{"frames":{"avatar.png":{"frame":{"h":37,"idx":0,"w":31,"x":362,"y":449},"sourceSize":{"h":37,"w":31},"spriteSourceSize":{"x":0,"y":0}},"btn_app.png":{"frame":{"h":46,"idx":0,"w":46,"x":755,"y":768},"sourceSize":{"h":46,"w":46},"spriteSourceSize":{"x":0,"y":0}},"btn_blue.png":{"frame":{"h":71,"idx":0,"w":152,"x":502,"y":628},"sourceSize":{"h":71,"w":152},"spriteSourceSize":{"x":0,"y":0}},"btn_blue_gray.png":{"frame":{"h":67,"idx":0,"w":152,"x":658,"y":700},"sourceSize":{"h":67,"w":152},"spriteSourceSize":{"x":0,"y":0}},"btn_buy.png":{"frame":{"h":71,"idx":0,"w":84,"x":702,"y":72},"sourceSize":{"h":71,"w":84},"spriteSourceSize":{"x":0,"y":0}},"btn_coin_type.png":{"frame":{"h":56,"idx":0,"w":274,"x":502,"y":571},"sourceSize":{"h":56,"w":274},"spriteSourceSize":{"x":0,"y":0}},"btn_down.png":{"frame":{"h":27,"idx":0,"w":29,"x":787,"y":46},"sourceSize":{"h":27,"w":29},"spriteSourceSize":{"x":0,"y":0}},"btn_game_record.png":{"frame":{"h":46,"idx":0,"w":42,"x":668,"y":411},"sourceSize":{"h":46,"w":42},"spriteSourceSize":{"x":0,"y":0}},"btn_get.png":{"frame":{"h":71,"idx":0,"w":84,"x":702,"y":0},"sourceSize":{"h":71,"w":84},"spriteSourceSize":{"x":0,"y":0}},"btn_home.png":{"frame":{"h":47,"idx":0,"w":51,"x":702,"y":250},"sourceSize":{"h":47,"w":51},"spriteSourceSize":{"x":0,"y":0}},"btn_item_record.png":{"frame":{"h":43,"idx":0,"w":43,"x":318,"y":449},"sourceSize":{"h":43,"w":43},"spriteSourceSize":{"x":0,"y":0}},"btn_leave.png":{"frame":{"h":48,"idx":0,"w":47,"x":707,"y":768},"sourceSize":{"h":48,"w":47},"spriteSourceSize":{"x":0,"y":0}},"btn_login.png":{"frame":{"h":48,"idx":0,"w":48,"x":658,"y":768},"sourceSize":{"h":48,"w":48},"spriteSourceSize":{"x":0,"y":0}},"btn_recharge.png":{"frame":{"h":46,"idx":0,"w":56,"x":702,"y":203},"sourceSize":{"h":46,"w":56},"spriteSourceSize":{"x":0,"y":0}},"btn_record.png":{"frame":{"h":46,"idx":0,"w":46,"x":621,"y":411},"sourceSize":{"h":46,"w":46},"spriteSourceSize":{"x":0,"y":0}},"btn_voice.png":{"frame":{"h":44,"idx":0,"w":48,"x":702,"y":298},"sourceSize":{"h":44,"w":48},"spriteSourceSize":{"x":0,"y":0}},"btn_withdraw.png":{"frame":{"h":40,"idx":0,"w":47,"x":270,"y":449},"sourceSize":{"h":40,"w":47},"spriteSourceSize":{"x":0,"y":0}},"btn_yellow_gray.png":{"frame":{"h":67,"idx":0,"w":148,"x":621,"y":343},"sourceSize":{"h":67,"w":148},"spriteSourceSize":{"x":0,"y":0}},"btn_yellowpng.png":{"frame":{"h":71,"idx":0,"w":150,"x":655,"y":628},"sourceSize":{"h":71,"w":150},"spriteSourceSize":{"x":0,"y":0}},"clickLight.png":{"frame":{"h":342,"idx":0,"w":179,"x":522,"y":0},"sourceSize":{"h":512,"w":256},"spriteSourceSize":{"x":1,"y":1}},"coin_menu_bg.png":{"frame":{"h":45,"idx":0,"w":42,"x":711,"y":411},"sourceSize":{"h":45,"w":42},"spriteSourceSize":{"x":0,"y":0}},"coin_menu_line.png":{"frame":{"h":3,"idx":0,"w":245,"x":0,"y":807},"sourceSize":{"h":3,"w":245},"spriteSourceSize":{"x":0,"y":0}},"flag_bg.png":{"frame":{"h":45,"idx":0,"w":27,"x":787,"y":0},"sourceSize":{"h":45,"w":27},"spriteSourceSize":{"x":0,"y":0}},"hall_bubble.png":{"frame":{"h":26,"idx":0,"w":26,"x":522,"y":343},"sourceSize":{"h":29,"w":29},"spriteSourceSize":{"x":1,"y":1}},"hall_light.png":{"frame":{"h":493,"idx":0,"w":269,"x":0,"y":0},"sourceSize":{"h":496,"w":272},"spriteSourceSize":{"x":1,"y":1}},"header_bg_01.png":{"frame":{"h":78,"idx":0,"w":500,"x":0,"y":650},"sourceSize":{"h":78,"w":500},"spriteSourceSize":{"x":0,"y":0}},"header_bg_02.png":{"frame":{"h":78,"idx":0,"w":501,"x":0,"y":571},"sourceSize":{"h":78,"w":501},"spriteSourceSize":{"x":0,"y":0}},"header_bg_03.png":{"frame":{"h":76,"idx":0,"w":569,"x":0,"y":494},"sourceSize":{"h":78,"w":569},"spriteSourceSize":{"x":0,"y":0}},"header_bg_04.png":{"frame":{"h":76,"idx":0,"w":350,"x":270,"y":372},"sourceSize":{"h":78,"w":350},"spriteSourceSize":{"x":0,"y":0}},"light.png":{"frame":{"h":77,"idx":0,"w":401,"x":0,"y":729},"sourceSize":{"h":77,"w":401},"spriteSourceSize":{"x":0,"y":0}},"menu_top_light.png":{"frame":{"h":58,"idx":0,"w":85,"x":702,"y":144},"sourceSize":{"h":58,"w":85},"spriteSourceSize":{"x":0,"y":0}},"split_vertical.png":{"frame":{"h":50,"idx":0,"w":2,"x":796,"y":74},"sourceSize":{"h":50,"w":2},"spriteSourceSize":{"x":0,"y":0}},"try_btn.png":{"frame":{"h":371,"idx":0,"w":251,"x":270,"y":0},"sourceSize":{"h":512,"w":256},"spriteSourceSize":{"x":1,"y":1}},"vscroll$bar.png":{"frame":{"h":96,"idx":0,"w":8,"x":570,"y":458},"sourceSize":{"h":96,"w":8},"spriteSourceSize":{"x":0,"y":0}},"vscroll$down.png":{"frame":{"h":8,"idx":0,"w":8,"x":402,"y":791},"sourceSize":{"h":8,"w":8},"spriteSourceSize":{"x":0,"y":0}},"vscroll$up.png":{"frame":{"h":8,"idx":0,"w":8,"x":759,"y":203},"sourceSize":{"h":8,"w":8},"spriteSourceSize":{"x":0,"y":0}},"vscroll.png":{"frame":{"h":64,"idx":0,"w":8,"x":787,"y":74},"sourceSize":{"h":64,"w":8},"spriteSourceSize":{"x":0,"y":0}},"wait_bg.png":{"frame":{"h":61,"idx":0,"w":255,"x":402,"y":729},"sourceSize":{"h":61,"w":255},"spriteSourceSize":{"x":0,"y":0}}},"meta":{"image":"hall.png","prefix":"image/hall/"}}