{"type":"Dialog","props":{"width":825,"height":465},"compId":2,"child":[{"type":"SkeletonPlayer","props":{"y":102,"x":397,"url":"image/pop/lottery/exchange_item_light.sk","runtime":"Laya.Skeleton"},"compId":16},{"type":"Box","props":{"y":87,"x":8},"compId":15,"child":[{"type":"Sprite","props":{"y":44,"texture":"image/pop/arenaGift/bg.png"},"compId":14},{"type":"Sprite","props":{"x":85,"texture":"image/pop/arenaGift/banner.png"},"compId":3},{"type":"Button","props":{"y":33,"x":742,"stateNum":1,"skin":"image/pop/arenaGift/icon-close.png","name":"close"},"compId":4}]},{"type":"Button","props":{"y":396,"x":407,"var":"btn","stateNum":1,"skin":"image/pop/arenaGift/btn.png","labelSize":24,"labelPadding":"0,0,5,0","labelColors":"#904516","label":"5USDT","anchorY":0.4,"anchorX":0.5},"compId":5},{"type":"Label","props":{"y":102,"x":234,"width":357,"var":"title","valign":"middle","text":"竞技礼包","strokeColor":"#962a1a","stroke":3,"height":35,"fontSize":35,"color":"#ffffbb","align":"center"},"compId":7},{"type":"List","props":{"y":202,"x":167,"var":"list","spaceX":97,"repeatY":1,"repeatX":3},"compId":13,"child":[{"type":"itemView","props":{"renderType":"render","runtime":"ui.pop.arenaGift.itemViewUI"},"compId":12}]}],"loadList":["image/pop/lottery/exchange_item_light.sk","image/pop/arenaGift/bg.png","image/pop/arenaGift/banner.png","image/pop/arenaGift/icon-close.png","image/pop/arenaGift/btn.png","pop/arenaGift/itemView.scene"],"loadList3D":[]}