{"type":"View","props":{"width":94,"height":138},"compId":2,"child":[{"type":"Sprite","props":{"y":0,"x":0,"texture":"image/pop/arenaGift/itemBg.png"},"compId":4,"child":[{"type":"Image","props":{"width":88,"var":"icon","skin":"image/pop/shop/icon/bullet.png","height":87,"centerY":0,"centerX":0},"compId":5},{"type":"Label","props":{"y":71,"width":48,"var":"num_label","valign":"middle","text":"10","strokeColor":"#381b07","stroke":2,"right":6,"height":19,"fontSize":20,"color":"#fff","bold":true,"align":"right"},"compId":6}]},{"type":"Label","props":{"y":117,"x":0,"width":94,"var":"name_label","valign":"middle","text":"锁定x10","strokeColor":"#242747","stroke":2,"height":21,"fontSize":20,"color":"#d3d6ff","bold":true,"align":"center"},"compId":7}],"loadList":["image/pop/arenaGift/itemBg.png","image/pop/shop/icon/bullet.png"],"loadList3D":[]}