{"type":"Scene","props":{"width":360,"height":253},"compId":2,"child":[{"type":"Image","props":{"y":0,"x":0,"width":367,"skin":"image/pop/lottery/lottery_item2_bg.png","sizeGrid":"42,60,37,53","height":253},"compId":17,"child":[{"type":"SkeletonPlayer","props":{"y":126.5,"x":168,"url":"image/pop/lottery/exchange_item_light.sk","runtime":"Laya.Skeleton"},"compId":13},{"type":"Image","props":{"y":143,"x":1,"width":358,"skin":"image/pop/lottery/lottery_item2_banner.png","sizeGrid":"0,123,0,31","height":28},"compId":19}]},{"type":"Button","props":{"y":177,"x":109,"var":"btn_buy","stateNum":1,"skin":"image/pop/lottery/btn_lottery_bug.png"},"compId":5,"child":[{"type":"Label","props":{"y":12,"x":65,"width":51,"var":"price_label","text":"500","height":24,"fontSize":24,"color":"#174c7d","bold":true,"align":"right"},"compId":7},{"type":"Image","props":{"y":8.5,"x":22,"width":45,"var":"price_tag","skin":"image/pop/lottery/tag_bg.png","height":33},"compId":12,"child":[{"type":"Image","props":{"y":5,"x":13.5,"width":20,"var":"coin_icon","skin":"image/pop/lottery/tag_coin_bg.png","height":20},"compId":21}]}]},{"type":"Label","props":{"y":144,"x":13,"width":156,"var":"remain_label","valign":"middle","text":"剩余10/20","strokeColor":"#621615","stroke":2,"height":22,"fontSize":18,"color":"#ffffff","centerX":0,"bold":true,"align":"center"},"compId":8},{"type":"Sprite","props":{"y":22,"x":122,"texture":"image/pop/lottery/lottery_item2_nbg.png"},"compId":4},{"type":"Box","props":{"y":42,"width":183,"height":80,"centerX":-1},"compId":18,"child":[{"type":"Label","props":{"y":15,"x":-33,"width":145,"var":"num_label","valign":"middle","text":"1000","strokeColor":"#692315","stroke":2,"pivotY":15,"pivotX":73,"height":30,"fontSize":36,"font":"lottery","color":"#f4e090","centerX":0,"bold":true,"align":"center"},"compId":10},{"type":"Label","props":{"y":69,"x":0,"width":155,"var":"item_type","valign":"middle","text":"BTC","strokeColor":"#692315","stroke":2,"pivotY":30,"pivotX":73,"height":30,"fontSize":36,"font":"alphabet","color":"#f4e090","centerX":0,"bold":true,"align":"center"},"compId":22}]}],"loadList":["image/pop/lottery/lottery_item2_bg.png","image/pop/lottery/exchange_item_light.sk","image/pop/lottery/lottery_item2_banner.png","image/pop/lottery/btn_lottery_bug.png","image/pop/lottery/tag_bg.png","image/pop/lottery/tag_coin_bg.png","image/pop/lottery/lottery_item2_nbg.png"],"loadList3D":[]}