{"type":"Dialog","props":{"width":825,"height":278},"compId":2,"child":[{"type":"SkeletonPlayer","props":{"y":-25,"x":410,"url":"image/pop/lottery/exchange_item_light.sk","runtime":"Laya.Skeleton"},"compId":14},{"type":"Sprite","props":{"y":1,"x":8,"texture":"image/pop/reward/bg.png"},"compId":3},{"type":"Sprite","props":{"y":19,"x":355,"width":114,"texture":"image/pop/lottery/lottery_item2_nbg.png"},"compId":4,"child":[{"type":"Sprite","props":{"y":17.5,"x":13,"visible":false,"var":"bullet_icon","texture":"image/pop/lottery/bomb_skin1.png"},"compId":9},{"type":"Label","props":{"y":69,"x":20,"width":65,"var":"bullet_num","valign":"middle","text":"100","strokeColor":"#391b06","stroke":2,"height":30,"fontSize":24,"color":"#fff","bold":true,"align":"right"},"compId":11},{"type":"Label","props":{"y":39,"width":162,"var":"item_num","valign":"middle","text":"0.04","strokeColor":"#692315","stroke":2,"scaleY":1,"scaleX":1,"pivotY":15,"pivotX":81,"height":30,"fontSize":30,"font":"lottery","color":"#f4e090","centerX":0,"bold":true,"align":"center"},"compId":10},{"type":"Label","props":{"y":92.5,"width":155,"var":"item_type","valign":"middle","text":"BTC","strokeColor":"#692315","stroke":2,"pivotY":30,"pivotX":73,"height":30,"fontSize":36,"font":"alphabet","color":"#f4e090","centerX":0,"bold":true,"align":"center"},"compId":15}]},{"type":"HTMLDivElement","props":{"y":146,"x":214,"width":345,"var":"txt_label","innerHTML":"<div style=\"width: 392px;height: 32px;line-height:32px;font-size: 24px;color:#d3d6ff;align:center;\"><span>恭喜获得</span>子弹<span color=\"#ffdd76\">x50</span></div>","height":22,"runtime":"Laya.HTMLDivElement"},"compId":13},{"type":"Button","props":{"y":193,"x":348,"var":"btn_confirm","stateNum":1,"skin":"image/pop/reward/btn.png"},"compId":6,"child":[{"type":"Label","props":{"y":14,"width":115,"var":"btn_confirm_label","text":"确定","height":22,"fontSize":24,"color":"#983c00","centerX":0,"bold":true,"align":"center"},"compId":7}]}],"loadList":["image/pop/lottery/exchange_item_light.sk","image/pop/reward/bg.png","image/pop/lottery/lottery_item2_nbg.png","image/pop/lottery/bomb_skin1.png","image/pop/reward/btn.png"],"loadList3D":[]}