{"type":"Scene","props":{"width":177,"height":223},"compId":2,"child":[{"type":"Sprite","props":{"y":4,"x":0,"var":"bg","texture":"image/pop/shop/item_gun_box_bg.png"},"compId":4,"child":[{"type":"SkeletonPlayer","props":{"y":119,"x":86,"url":"image/pop/shop/shop_light.sk","runtime":"Laya.Skeleton"},"compId":18}]},{"type":"Sprite","props":{"y":-5,"x":-8,"var":"select_bd","texture":"image/pop/shop/select_bd.png"},"compId":20},{"type":"Sprite","props":{"y":20,"x":40,"texture":"image/pop/shop/item_bg.png"},"compId":5,"child":[{"type":"Image","props":{"y":3,"x":4,"width":88,"var":"icon","skin":"image/pop/shop/icon/1001.png","height":88},"compId":10},{"type":"Sprite","props":{"texture":"image/pop/shop/item_bg_bd.png"},"compId":17}]},{"type":"Label","props":{"y":122.5,"x":29,"width":119,"var":"name_label","valign":"middle","text":"默认","height":20,"fontSize":20,"color":"#7a594b","align":"center"},"compId":8},{"type":"ViewStack","props":{"y":157,"x":-3,"width":185,"var":"stack_btn","selectedIndex":0,"height":59},"compId":11,"child":[{"type":"Button","props":{"stateNum":1,"skin":"image/pop/shop/btn_buy.png","sizeGrid":"0,65,0,58","name":"item0","centerX":0},"compId":12,"child":[{"type":"Label","props":{"y":5,"valign":"middle","text":"111","name":"label","height":41,"fontSize":18,"color":"#183272","centerX":0,"align":"center"},"compId":13}]},{"type":"Button","props":{"y":0,"stateNum":1,"skin":"image/pop/shop/btn_use.png","name":"item1","centerX":0},"compId":14,"child":[{"type":"Label","props":{"y":5,"x":9,"width":120,"valign":"middle","text":"使 用","name":"label","height":41,"fontSize":24,"color":"#914516","align":"center"},"compId":15}]},{"type":"Box","props":{"y":0,"name":"item2","centerX":0},"compId":21,"child":[{"type":"Button","props":{"y":0,"x":0,"visible":false,"stateNum":1,"skin":"image/pop/shop/btn_used.png","name":"item2"},"compId":6},{"type":"Label","props":{"y":7,"width":120,"valign":"middle","text":"使用中","name":"label","height":41,"fontSize":24,"color":"#00758b","centerX":0,"bold":true,"align":"center"},"compId":9}]}]},{"type":"Sprite","props":{"y":85.5,"x":103,"var":"icon_check","texture":"image/pop/shop/icon_check.png"},"compId":19}],"loadList":["image/pop/shop/item_gun_box_bg.png","image/pop/shop/shop_light.sk","image/pop/shop/select_bd.png","image/pop/shop/item_bg.png","image/pop/shop/icon/1001.png","image/pop/shop/item_bg_bd.png","image/pop/shop/btn_buy.png","image/pop/shop/btn_use.png","image/pop/shop/btn_used.png","image/pop/shop/icon_check.png"],"loadList3D":[]}