{"frames":{"bg-con.png":{"frame":{"h":490,"idx":0,"w":100,"x":133,"y":0},"sourceSize":{"h":490,"w":100},"spriteSourceSize":{"x":0,"y":0}},"bg-left.png":{"frame":{"h":484,"idx":0,"w":69,"x":234,"y":0},"sourceSize":{"h":484,"w":76},"spriteSourceSize":{"x":7,"y":0}},"bg-right.png":{"frame":{"h":484,"idx":0,"w":132,"x":0,"y":0},"sourceSize":{"h":484,"w":132},"spriteSourceSize":{"x":0,"y":0}},"btn-bg.png":{"frame":{"h":47,"idx":0,"w":127,"x":0,"y":485},"sourceSize":{"h":47,"w":127},"spriteSourceSize":{"x":0,"y":0}},"btn_pagination0.png":{"frame":{"h":51,"idx":0,"w":71,"x":425,"y":0},"sourceSize":{"h":51,"w":71},"spriteSourceSize":{"x":0,"y":0}},"btn_pagination1.png":{"frame":{"h":44,"idx":0,"w":70,"x":425,"y":52},"sourceSize":{"h":44,"w":70},"spriteSourceSize":{"x":0,"y":0}},"btn_pagination2.png":{"frame":{"h":51,"idx":0,"w":71,"x":128,"y":491},"sourceSize":{"h":51,"w":71},"spriteSourceSize":{"x":0,"y":0}},"close.png":{"frame":{"h":71,"idx":0,"w":67,"x":304,"y":0},"sourceSize":{"h":71,"w":67},"spriteSourceSize":{"x":0,"y":0}},"drop-bg.png":{"frame":{"h":26,"idx":0,"w":42,"x":496,"y":52},"sourceSize":{"h":26,"w":42},"spriteSourceSize":{"x":0,"y":0}},"drop-line.png":{"frame":{"h":3,"idx":0,"w":245,"x":200,"y":529},"sourceSize":{"h":3,"w":245},"spriteSourceSize":{"x":0,"y":0}},"left.png":{"frame":{"h":26,"idx":0,"w":20,"x":497,"y":0},"sourceSize":{"h":26,"w":20},"spriteSourceSize":{"x":0,"y":0}},"list-bg.png":{"frame":{"h":73,"idx":0,"w":52,"x":372,"y":0},"sourceSize":{"h":73,"w":52},"spriteSourceSize":{"x":0,"y":0}},"next.png":{"frame":{"h":27,"idx":0,"w":21,"x":200,"y":491},"sourceSize":{"h":27,"w":21},"spriteSourceSize":{"x":0,"y":0}},"select-bg.png":{"frame":{"h":43,"idx":0,"w":273,"x":234,"y":485},"sourceSize":{"h":43,"w":273},"spriteSourceSize":{"x":0,"y":0}},"selectLine.png":{"frame":{"h":40,"idx":0,"w":2,"x":521,"y":0},"sourceSize":{"h":40,"w":2},"spriteSourceSize":{"x":0,"y":0}},"triangle.png":{"frame":{"h":20,"idx":0,"w":23,"x":497,"y":27},"sourceSize":{"h":20,"w":23},"spriteSourceSize":{"x":0,"y":0}}},"meta":{"image":"record.png","prefix":"image/pop/record/"}}