{"type":"Dialog","props":{"width":1061,"height":624},"compId":2,"child":[{"type":"Box","props":{"width":1061,"var":"bg","top":0,"right":0,"left":0,"height":624,"bottom":0},"compId":7,"child":[{"type":"Image","props":{"skin":"image/pop/arenaCompetitionInfo/bg_top.png"},"compId":16},{"type":"Image","props":{"y":94,"x":7,"width":1054,"skin":"image/pop/arenaCompetitionInfo/bg_bottom.png","sizeGrid":"0,76,0,55","height":524},"compId":17},{"type":"Image","props":{"y":115,"x":49,"width":947,"skin":"image/pop/arenaCompetitionInfo/bgInner1.png","sizeGrid":"19,31,47,32","height":461},"compId":19},{"type":"Image","props":{"y":130,"x":57,"width":577,"skin":"image/pop/arenaCompetitionInfo/bgInner2.png","sizeGrid":"18,20,14,18","height":338},"compId":21}]},{"type":"Button","props":{"y":2,"x":962,"stateNum":1,"skin":"image/pop/alert/btn_close.png","name":"close"},"compId":31},{"type":"Label","props":{"y":6,"x":376,"width":277,"var":"title","valign":"middle","text":"大奖赛","strokeColor":"#024b7d","stroke":3,"height":76,"fontSize":33,"color":"#ffffff","centerX":-8,"align":"center"},"compId":30},{"type":"Label","props":{"y":74,"width":775,"var":"timezone_label","valign":"middle","text":"活动时间：2.8 12:00 ～ 3.9 12:00","strokeColor":"#ffffff","stroke":2,"height":41,"fontSize":20,"color":"#7e593c","centerX":-11,"align":"center"},"compId":29},{"type":"Button","props":{"y":519,"x":171,"var":"btn_famous","stateNum":1,"skin":"image/pop/arenaCompetitionInfo/btn_green.png","labelStrokeColor":"#9ff3dd","labelStroke":2,"labelSize":22,"labelPadding":"0,0,5,0","labelColors":"#185545","label":"名人堂","anchorY":0.5,"anchorX":0.5},"compId":25},{"type":"Button","props":{"y":519,"x":356,"var":"btn_help","stateNum":1,"skin":"image/pop/arenaCompetitionInfo/btn_green.png","labelStrokeColor":"#9ff3dd","labelStroke":2,"labelSize":22,"labelPadding":"0,0,5,0","labelColors":"#185545","label":"比赛规则","anchorY":0.5,"anchorX":0.5},"compId":43},{"type":"Button","props":{"y":519,"x":541,"var":"btn_best","stateNum":1,"skin":"image/pop/arenaCompetitionInfo/btn_green.png","labelStrokeColor":"#9ff3dd","labelStroke":2,"labelSize":22,"labelPadding":"0,0,5,0","labelColors":"#185545","label":"每日最佳","anchorY":0.5,"anchorX":0.5},"compId":44},{"type":"Button","props":{"y":522,"x":809,"var":"btn_sign","stateNum":1,"skin":"image/pop/arenaCompetitionInfo/btn_yellow.png","labelStrokeColor":"#ffca3d","labelStroke":2,"labelSize":22,"labelPadding":"0,0,15,0","labelColors":"#9f471f","label":"比赛报名","anchorY":0.5,"anchorX":0.5},"compId":28,"child":[{"type":"Label","props":{"y":40,"x":24,"width":184,"var":"cost_label","text":"费用：1usdt","strokeColor":"#c67600","stroke":2,"height":19,"fontSize":16,"color":"#fff","align":"center"},"compId":45}]},{"type":"Box","props":{"y":163,"x":633},"compId":36,"child":[{"type":"Image","props":{"y":4,"x":134,"width":209,"skin":"image/pop/arenaCompetitionInfo/bgInner3.png","sizeGrid":"14,17,11,18","height":35},"compId":22,"child":[{"type":"Label","props":{"y":-3,"x":7,"width":194,"var":"openTime","valign":"middle","text":"10:00～14:00","height":41,"fontSize":20,"color":"#fff6cd","align":"center"},"compId":32}]},{"type":"Image","props":{"y":53,"x":134,"width":209,"skin":"image/pop/arenaCompetitionInfo/bgInner3.png","sizeGrid":"14,17,11,18","height":35},"compId":23,"child":[{"type":"Label","props":{"y":-3,"x":7,"width":194,"var":"myScore","valign":"middle","text":"0","height":41,"fontSize":20,"color":"#fff6cd","align":"center"},"compId":37}]},{"type":"Image","props":{"y":101,"x":134,"width":209,"skin":"image/pop/arenaCompetitionInfo/bgInner3.png","sizeGrid":"14,17,11,18","height":35},"compId":24,"child":[{"type":"Label","props":{"y":-3,"x":7,"width":194,"var":"myRank","valign":"middle","text":"暂未上榜","height":41,"fontSize":20,"color":"#fff6cd","align":"center"},"compId":38}]},{"type":"Label","props":{"y":4,"x":0,"width":131,"var":"openTimeLabel","valign":"middle","text":"开放时间","height":41,"fontSize":20,"color":"#fff6cd","align":"center"},"compId":35},{"type":"Label","props":{"y":52,"x":0,"width":131,"var":"myScoreLabel","valign":"middle","text":"我的积分","height":41,"fontSize":20,"color":"#fff6cd","align":"center"},"compId":33},{"type":"Label","props":{"y":99,"x":0,"width":131,"var":"myRankLabel","valign":"middle","text":"我的排名","height":41,"fontSize":20,"color":"#fff6cd","align":"center"},"compId":34},{"type":"Sprite","props":{"y":181,"x":1,"texture":"image/pop/arenaCompetitionInfo/bg_line.png"},"compId":41}]},{"type":"Label","props":{"y":367,"x":656,"wordWrap":true,"width":316,"valign":"middle","text":"排名5分钟刷新一次 日排名奖励在23:30后发放","height":70,"fontSize":20,"color":"#fff6cd","align":"center"},"compId":42},{"type":"Box","props":{"y":132,"x":56,"width":577,"height":334},"compId":48,"child":[{"type":"Box","props":{"y":0,"x":0,"width":577,"visible":false,"var":"rankMask","styleSkin":"''","renderType":"mask","height":330},"compId":49,"child":[{"type":"Rect","props":{"width":577,"lineWidth":1,"height":330,"fillColor":"#ff0000"},"compId":53}]},{"type":"List","props":{"y":0,"x":0,"width":575,"var":"rankList","spaceX":8,"repeatY":1,"repeatX":4,"height":334},"compId":46,"child":[{"type":"rankItem","props":{"x":5,"renderType":"render","runtime":"ui.pop.arenaCompetitionInfo.rankItemUI"},"compId":47}]},{"type":"Image","props":{"y":-9,"x":15,"width":31,"skin":"image/pop/arenaCompetitionInfo/shadow.png","sizeGrid":"23,0,21,0","scaleX":-1,"height":339,"anchorX":0.5},"compId":51},{"type":"Image","props":{"y":-2,"x":546,"width":31,"skin":"image/pop/arenaCompetitionInfo/shadow.png","sizeGrid":"23,0,21,0","height":339},"compId":50}]}],"loadList":["image/pop/arenaCompetitionInfo/bg_top.png","image/pop/arenaCompetitionInfo/bg_bottom.png","image/pop/arenaCompetitionInfo/bgInner1.png","image/pop/arenaCompetitionInfo/bgInner2.png","image/pop/alert/btn_close.png","image/pop/arenaCompetitionInfo/btn_green.png","image/pop/arenaCompetitionInfo/btn_yellow.png","image/pop/arenaCompetitionInfo/bgInner3.png","image/pop/arenaCompetitionInfo/bg_line.png","pop/arenaCompetitionInfo/rankItem.scene","image/pop/arenaCompetitionInfo/shadow.png"],"loadList3D":[]}