{"type":"View","props":{"width":177,"height":330},"compId":2,"child":[{"type":"Sprite","props":{"y":35,"x":0,"texture":"image/pop/arenaCompetitionInfo/rank_bg.png"},"compId":3},{"type":"Image","props":{"y":34,"x":0,"var":"signBg","skin":"image/pop/arenaCompetitionInfo/signBgTop.png"},"compId":6},{"type":"Image","props":{"y":-1,"x":43.5,"var":"sign","skin":"image/pop/arenaCompetitionInfo/signTop.png"},"compId":5},{"type":"Label","props":{"y":80,"x":29,"width":118,"var":"rankLabel","valign":"middle","text":"亚军","strokeColor":"#652613","stroke":2,"height":20,"fontSize":20,"color":"#ffef9b","bold":true,"align":"center"},"compId":13},{"type":"Box","props":{"y":148,"x":3,"width":171,"height":80},"compId":8,"child":[{"type":"Sprite","props":{"y":-8,"x":37,"texture":"image/pop/arenaCompetitionInfo/bgNum.png"},"compId":7},{"type":"Label","props":{"y":10,"x":13,"width":145,"var":"num_label","valign":"middle","text":"1000","strokeColor":"#692315","stroke":2,"height":30,"fontSize":36,"font":"lottery","color":"#f4e090","centerX":0,"bold":true,"align":"center"},"compId":9},{"type":"Label","props":{"y":48,"x":23,"width":155,"var":"item_type","valign":"middle","text":"USDT","strokeColor":"#692315","stroke":2,"scaleY":0.8,"scaleX":0.8,"height":30,"fontSize":36,"font":"alphabet","color":"#f4e090","bold":true,"align":"center"},"compId":10}]},{"type":"Label","props":{"y":258,"x":5,"width":166,"var":"nickname","valign":"middle","text":"1012***4745","overflow":"hidden","height":20,"fontSize":18,"color":"#904516","align":"center"},"compId":11},{"type":"Label","props":{"y":288,"x":3,"width":170,"var":"scoreLabel","valign":"middle","text":"积分：4520","strokeColor":"#fff","stroke":2,"overflow":"hidden","height":19,"fontSize":20,"color":"#7c4113","bold":true,"align":"center"},"compId":12}],"loadList":["image/pop/arenaCompetitionInfo/rank_bg.png","image/pop/arenaCompetitionInfo/signBgTop.png","image/pop/arenaCompetitionInfo/signTop.png","image/pop/arenaCompetitionInfo/bgNum.png"],"loadList3D":[]}