{"frames":{"1001.png":{"frame":{"h":96,"idx":0,"w":92,"x":102,"y":0},"sourceSize":{"h":96,"w":92},"spriteSourceSize":{"x":0,"y":0}},"1002.png":{"frame":{"h":85,"idx":0,"w":101,"x":0,"y":91},"sourceSize":{"h":85,"w":101},"spriteSourceSize":{"x":0,"y":0}},"1003.png":{"frame":{"h":90,"idx":0,"w":101,"x":0,"y":0},"sourceSize":{"h":90,"w":101},"spriteSourceSize":{"x":0,"y":0}},"1004.png":{"frame":{"h":83,"idx":0,"w":101,"x":0,"y":177},"sourceSize":{"h":83,"w":101},"spriteSourceSize":{"x":0,"y":0}},"1005.png":{"frame":{"h":80,"idx":0,"w":101,"x":102,"y":187},"sourceSize":{"h":80,"w":101},"spriteSourceSize":{"x":0,"y":0}},"2001.png":{"frame":{"h":88,"idx":0,"w":88,"x":195,"y":91},"sourceSize":{"h":90,"w":90},"spriteSourceSize":{"x":1,"y":1}},"2002.png":{"frame":{"h":89,"idx":0,"w":88,"x":102,"y":97},"sourceSize":{"h":90,"w":90},"spriteSourceSize":{"x":1,"y":0}},"2003.png":{"frame":{"h":90,"idx":0,"w":90,"x":195,"y":0},"sourceSize":{"h":90,"w":90},"spriteSourceSize":{"x":0,"y":0}},"3001.png":{"frame":{"h":79,"idx":0,"w":65,"x":204,"y":180},"sourceSize":{"h":89,"w":88},"spriteSourceSize":{"x":11,"y":5}}},"meta":{"image":"icon.png","prefix":"image/pop/shop/icon/"}}