{"type":"Dialog","props":{"width":1920,"runtime":"view/scenes/loadingView.ts","height":750},"compId":2,"child":[{"type":"Sprite","props":{"y":0,"x":0,"texture":"image/loading/load_bg.jpg"},"compId":8},{"type":"Sprite","props":{"y":503,"x":546,"texture":"image/loading/loading.png"},"compId":11},{"type":"ProgressBar","props":{"y":584,"x":528,"var":"progress","value":0.5,"skin":"image/loading/progress.png","sizeGrid":"0,20,0,40"},"compId":15},{"type":"Box","props":{"y":146,"x":788,"width":344,"height":298},"compId":18,"child":[{"type":"SkeletonPlayer","props":{"y":229,"x":162,"url":"image/loading/loading_logo.sk","runtime":"Laya.Skeleton"},"compId":16}]}],"loadList":["image/loading/load_bg.jpg","image/loading/loading.png","image/loading/progress.png","image/loading/loading_logo.sk"],"loadList3D":[]}