{"frames":{"btn_next.png":{"frame":{"h":68,"idx":0,"w":125,"x":211,"y":313},"sourceSize":{"h":68,"w":125},"spriteSourceSize":{"x":0,"y":0}},"btn_skip.png":{"frame":{"h":59,"idx":0,"w":142,"x":211,"y":382},"sourceSize":{"h":59,"w":142},"spriteSourceSize":{"x":0,"y":0}},"btn_start.png":{"frame":{"h":147,"idx":0,"w":210,"x":0,"y":300},"sourceSize":{"h":147,"w":210},"spriteSourceSize":{"x":0,"y":0}},"guidePanel.png":{"frame":{"h":118,"idx":0,"w":158,"x":246,"y":194},"sourceSize":{"h":118,"w":158},"spriteSourceSize":{"x":0,"y":0}},"person.png":{"frame":{"h":299,"idx":0,"w":245,"x":0,"y":0},"sourceSize":{"h":299,"w":245},"spriteSourceSize":{"x":0,"y":0}},"pointer.png":{"frame":{"h":193,"idx":0,"w":165,"x":246,"y":0},"sourceSize":{"h":256,"w":256},"spriteSourceSize":{"x":1,"y":1}},"pointer_image.png":{"frame":{"h":95,"idx":0,"w":75,"x":354,"y":313},"sourceSize":{"h":96,"w":75},"spriteSourceSize":{"x":0,"y":1}}},"meta":{"image":"guide.png","prefix":"image/pop/guide/"}}