{"frames":{"alert_con_bg.png":{"frame":{"h":54,"idx":0,"w":93,"x":235,"y":354},"sourceSize":{"h":54,"w":93},"spriteSourceSize":{"x":0,"y":0}},"bg_item1.png":{"frame":{"h":83,"idx":0,"w":145,"x":102,"y":97},"sourceSize":{"h":83,"w":145},"spriteSourceSize":{"x":0,"y":0}},"bg_item2.png":{"frame":{"h":73,"idx":0,"w":77,"x":449,"y":250},"sourceSize":{"h":73,"w":77},"spriteSourceSize":{"x":0,"y":0}},"bg_item3.png":{"frame":{"h":41,"idx":0,"w":54,"x":367,"y":202},"sourceSize":{"h":41,"w":54},"spriteSourceSize":{"x":0,"y":0}},"bg_item4.png":{"frame":{"h":96,"idx":0,"w":436,"x":102,"y":0},"sourceSize":{"h":96,"w":436},"spriteSourceSize":{"x":0,"y":0}},"btn_close.png":{"frame":{"h":78,"idx":0,"w":73,"x":280,"y":275},"sourceSize":{"h":78,"w":73},"spriteSourceSize":{"x":0,"y":0}},"con_bg.png":{"frame":{"h":104,"idx":0,"w":86,"x":347,"y":97},"sourceSize":{"h":104,"w":86},"spriteSourceSize":{"x":0,"y":0}},"fish1.png":{"frame":{"h":67,"idx":0,"w":64,"x":362,"y":451},"sourceSize":{"h":67,"w":64},"spriteSourceSize":{"x":0,"y":0}},"fish10.png":{"frame":{"h":77,"idx":0,"w":85,"x":434,"y":97},"sourceSize":{"h":77,"w":85},"spriteSourceSize":{"x":0,"y":0}},"fish11.png":{"frame":{"h":85,"idx":0,"w":60,"x":102,"y":279},"sourceSize":{"h":85,"w":60},"spriteSourceSize":{"x":0,"y":0}},"fish12.png":{"frame":{"h":90,"idx":0,"w":37,"x":506,"y":398},"sourceSize":{"h":90,"w":37},"spriteSourceSize":{"x":0,"y":0}},"fish13.png":{"frame":{"h":82,"idx":0,"w":46,"x":427,"y":444},"sourceSize":{"h":82,"w":46},"spriteSourceSize":{"x":0,"y":0}},"fish14.png":{"frame":{"h":79,"idx":0,"w":35,"x":154,"y":410},"sourceSize":{"h":79,"w":35},"spriteSourceSize":{"x":0,"y":0}},"fish15.png":{"frame":{"h":82,"idx":0,"w":50,"x":102,"y":365},"sourceSize":{"h":82,"w":50},"spriteSourceSize":{"x":0,"y":0}},"fish16.png":{"frame":{"h":72,"idx":0,"w":84,"x":282,"y":202},"sourceSize":{"h":72,"w":84},"spriteSourceSize":{"x":0,"y":0}},"fish17.png":{"frame":{"h":77,"idx":0,"w":51,"x":102,"y":448},"sourceSize":{"h":77,"w":51},"spriteSourceSize":{"x":0,"y":0}},"fish18.png":{"frame":{"h":67,"idx":0,"w":80,"x":201,"y":195},"sourceSize":{"h":73,"w":83},"spriteSourceSize":{"x":2,"y":5}},"fish19.png":{"frame":{"h":74,"idx":0,"w":82,"x":434,"y":175},"sourceSize":{"h":74,"w":82},"spriteSourceSize":{"x":0,"y":0}},"fish2.png":{"frame":{"h":78,"idx":0,"w":62,"x":235,"y":409},"sourceSize":{"h":78,"w":62},"spriteSourceSize":{"x":0,"y":0}},"fish20.png":{"frame":{"h":45,"idx":0,"w":89,"x":416,"y":398},"sourceSize":{"h":45,"w":89},"spriteSourceSize":{"x":0,"y":0}},"fish3.png":{"frame":{"h":58,"idx":0,"w":86,"x":329,"y":392},"sourceSize":{"h":58,"w":86},"spriteSourceSize":{"x":0,"y":0}},"fish4.png":{"frame":{"h":74,"idx":0,"w":81,"x":367,"y":250},"sourceSize":{"h":74,"w":81},"spriteSourceSize":{"x":0,"y":0}},"fish5.png":{"frame":{"h":76,"idx":0,"w":63,"x":298,"y":451},"sourceSize":{"h":76,"w":63},"spriteSourceSize":{"x":0,"y":0}},"fish6.png":{"frame":{"h":73,"idx":0,"w":76,"x":449,"y":324},"sourceSize":{"h":73,"w":76},"spriteSourceSize":{"x":0,"y":0}},"fish7.png":{"frame":{"h":66,"idx":0,"w":81,"x":354,"y":325},"sourceSize":{"h":66,"w":81},"spriteSourceSize":{"x":0,"y":0}},"fish8.png":{"frame":{"h":71,"idx":0,"w":71,"x":163,"y":338},"sourceSize":{"h":71,"w":71},"spriteSourceSize":{"x":0,"y":0}},"fish9.png":{"frame":{"h":74,"idx":0,"w":78,"x":201,"y":263},"sourceSize":{"h":74,"w":78},"spriteSourceSize":{"x":0,"y":0}},"fish_item_bg.png":{"frame":{"h":97,"idx":0,"w":98,"x":102,"y":181},"sourceSize":{"h":97,"w":98},"spriteSourceSize":{"x":0,"y":0}},"fish_item_bg2.png":{"frame":{"h":97,"idx":0,"w":98,"x":248,"y":97},"sourceSize":{"h":97,"w":98},"spriteSourceSize":{"x":0,"y":0}},"help_bg_02.png":{"frame":{"h":489,"idx":0,"w":101,"x":0,"y":0},"sourceSize":{"h":489,"w":101},"spriteSourceSize":{"x":0,"y":0}},"pagination.png":{"frame":{"h":41,"idx":0,"w":20,"x":298,"y":409},"sourceSize":{"h":42,"w":20},"spriteSourceSize":{"x":0,"y":0}}},"meta":{"image":"help.png","prefix":"image/pop/help/"}}