{"frames":{"bomb_skin1.png":{"frame":{"h":79,"idx":0,"w":65,"x":779,"y":525},"sourceSize":{"h":79,"w":65},"spriteSourceSize":{"x":0,"y":0}},"box.png":{"frame":{"h":506,"idx":0,"w":410,"x":0,"y":0},"sourceSize":{"h":512,"w":512},"spriteSourceSize":{"x":1,"y":1}},"box_normal.png":{"frame":{"h":76,"idx":0,"w":78,"x":924,"y":369},"sourceSize":{"h":76,"w":78},"spriteSourceSize":{"x":0,"y":0}},"btn_close.png":{"frame":{"h":78,"idx":0,"w":73,"x":924,"y":446},"sourceSize":{"h":78,"w":73},"spriteSourceSize":{"x":0,"y":0}},"btn_get_lottery.png":{"frame":{"h":59,"idx":0,"w":128,"x":143,"y":572},"sourceSize":{"h":59,"w":128},"spriteSourceSize":{"x":0,"y":0}},"btn_lottery_bug.png":{"frame":{"h":59,"idx":0,"w":142,"x":0,"y":572},"sourceSize":{"h":59,"w":142},"spriteSourceSize":{"x":0,"y":0}},"exchange_item_light.png":{"frame":{"h":253,"idx":0,"w":287,"x":411,"y":0},"sourceSize":{"h":256,"w":512},"spriteSourceSize":{"x":1,"y":1}},"exchange_top_bubble.png":{"frame":{"h":17,"idx":0,"w":17,"x":883,"y":369},"sourceSize":{"h":32,"w":32},"spriteSourceSize":{"x":1,"y":1}},"light_circle.png":{"frame":{"h":140,"idx":0,"w":140,"x":638,"y":486},"sourceSize":{"h":140,"w":140},"spriteSourceSize":{"x":0,"y":0}},"lottery_item2_banner.png":{"frame":{"h":28,"idx":0,"w":202,"x":272,"y":572},"sourceSize":{"h":28,"w":202},"spriteSourceSize":{"x":0,"y":0}},"lottery_item2_bg.png":{"frame":{"h":253,"idx":0,"w":211,"x":699,"y":0},"sourceSize":{"h":253,"w":211},"spriteSourceSize":{"x":0,"y":0}},"lottery_item2_nbg.png":{"frame":{"h":114,"idx":0,"w":115,"x":883,"y":254},"sourceSize":{"h":114,"w":115},"spriteSourceSize":{"x":0,"y":0}},"lottery_item_bg.png":{"frame":{"h":134,"idx":0,"w":136,"x":746,"y":254},"sourceSize":{"h":134,"w":136},"spriteSourceSize":{"x":0,"y":0}},"lottery_item_cur_bg.png":{"frame":{"h":140,"idx":0,"w":140,"x":497,"y":486},"sourceSize":{"h":140,"w":140},"spriteSourceSize":{"x":0,"y":0}},"lottery_item_light.png":{"frame":{"h":107,"idx":0,"w":107,"x":911,"y":0},"sourceSize":{"h":160,"w":160},"spriteSourceSize":{"x":27,"y":26}},"money_bg.png":{"frame":{"h":231,"idx":0,"w":334,"x":411,"y":254},"sourceSize":{"h":231,"w":334},"spriteSourceSize":{"x":0,"y":0}},"progress$bar.png":{"frame":{"h":18,"idx":0,"w":67,"x":428,"y":620},"sourceSize":{"h":20,"w":67},"spriteSourceSize":{"x":0,"y":0}},"progress.png":{"frame":{"h":18,"idx":0,"w":67,"x":428,"y":601},"sourceSize":{"h":20,"w":67},"spriteSourceSize":{"x":0,"y":0}},"progress_bg.png":{"frame":{"h":44,"idx":0,"w":496,"x":0,"y":507},"sourceSize":{"h":44,"w":496},"spriteSourceSize":{"x":0,"y":0}},"progress_inner.png":{"frame":{"h":19,"idx":0,"w":484,"x":0,"y":552},"sourceSize":{"h":19,"w":484},"spriteSourceSize":{"x":0,"y":0}},"remain_bg.png":{"frame":{"h":43,"idx":0,"w":60,"x":845,"y":553},"sourceSize":{"h":43,"w":60},"spriteSourceSize":{"x":0,"y":0}},"tag_bg.png":{"frame":{"h":106,"idx":0,"w":144,"x":779,"y":389},"sourceSize":{"h":106,"w":144},"spriteSourceSize":{"x":0,"y":0}},"tag_coin_bg.png":{"frame":{"h":56,"idx":0,"w":56,"x":845,"y":496},"sourceSize":{"h":56,"w":56},"spriteSourceSize":{"x":0,"y":0}},"txt_bch.png":{"frame":{"h":30,"idx":0,"w":80,"x":779,"y":605},"sourceSize":{"h":30,"w":80},"spriteSourceSize":{"x":0,"y":0}},"txt_btc.png":{"frame":{"h":30,"idx":0,"w":77,"x":350,"y":601},"sourceSize":{"h":30,"w":77},"spriteSourceSize":{"x":0,"y":0}},"txt_busdt.png":{"frame":{"h":24,"idx":0,"w":99,"x":911,"y":108},"sourceSize":{"h":24,"w":99},"spriteSourceSize":{"x":0,"y":0}},"txt_eos.png":{"frame":{"h":30,"idx":0,"w":77,"x":272,"y":601},"sourceSize":{"h":30,"w":77},"spriteSourceSize":{"x":0,"y":0}},"txt_etc.png":{"frame":{"h":30,"idx":0,"w":75,"x":860,"y":597},"sourceSize":{"h":30,"w":75},"spriteSourceSize":{"x":0,"y":0}},"txt_eth.png":{"frame":{"h":28,"idx":0,"w":76,"x":911,"y":133},"sourceSize":{"h":28,"w":76},"spriteSourceSize":{"x":0,"y":0}},"txt_ltc.png":{"frame":{"h":30,"idx":0,"w":74,"x":906,"y":553},"sourceSize":{"h":30,"w":74},"spriteSourceSize":{"x":0,"y":0}},"txt_usdt.png":{"frame":{"h":27,"idx":0,"w":91,"x":902,"y":525},"sourceSize":{"h":27,"w":91},"spriteSourceSize":{"x":0,"y":0}},"txt_xrp.png":{"frame":{"h":28,"idx":0,"w":79,"x":936,"y":584},"sourceSize":{"h":28,"w":79},"spriteSourceSize":{"x":0,"y":0}}},"meta":{"image":"lottery.png","prefix":"image/pop/lottery/"}}