{"type":"View","props":{"width":252,"height":356},"compId":2,"child":[{"type":"Image","props":{"var":"bg","top":0,"skin":"image/hall/flag_bg.png","sizeGrid":"15,15,15,15","right":0,"left":0,"bottom":0},"compId":8},{"type":"Sprite","props":{"y":0,"x":56,"width":140,"texture":"image/hall/menu_top_light.png","height":58},"compId":15},{"type":"List","props":{"y":0,"x":0,"width":252,"var":"list","vScrollBarSkin":"image/hall/vscroll.png","selectEnable":true,"height":355},"compId":9,"child":[{"type":"Box","props":{"y":8,"x":8,"width":232,"renderType":"render","name":"item","height":48},"compId":10,"child":[{"type":"Label","props":{"width":148,"valign":"middle","scaleY":1,"right":0,"pivotX":148,"overflow":"visible","name":"coin_num","height":46,"fontSize":20,"color":"#fff","centerY":-2,"align":"right"},"compId":13},{"type":"Label","props":{"y":-1,"x":34,"width":89,"valign":"middle","text":"label","name":"coin_name","height":46,"fontSize":20,"color":"#fff392","align":"left"},"compId":14},{"type":"Image","props":{"y":9,"x":2,"width":25,"skin":"image/common/coin/BTC.png","name":"coin_icon","height":25},"compId":16},{"type":"Sprite","props":{"y":45,"x":-17,"texture":"image/hall/coin_menu_line.png"},"compId":11}]}]}],"loadList":["image/hall/flag_bg.png","image/hall/menu_top_light.png","image/hall/vscroll.png","image/common/coin/BTC.png","image/hall/coin_menu_line.png"],"loadList3D":[]}