{"type":"View","props":{"width":87,"height":200},"compId":2,"child":[{"type":"Image","props":{"var":"bg","top":0,"skin":"image/hall/flag_bg.png","sizeGrid":"15,15,15,15","right":0,"left":0,"bottom":0},"compId":8},{"type":"Sprite","props":{"y":0,"x":1,"texture":"image/hall/menu_top_light.png"},"compId":16},{"type":"List","props":{"y":0,"x":0,"width":89,"var":"list","selectEnable":true,"height":199},"compId":9,"child":[{"type":"Box","props":{"y":8,"x":0,"width":87,"renderType":"render","name":"item","height":61},"compId":10,"child":[{"type":"Image","props":{"y":6,"x":21,"skin":"image/common/flag/flag_en.png","name":"flag_icon"},"compId":17}]}]}],"loadList":["image/hall/flag_bg.png","image/hall/menu_top_light.png","image/common/flag/flag_en.png"],"loadList3D":[]}