{"type":"View","props":{"width":1920,"mouseThrough":true,"mouseEnabled":true,"height":750},"compId":2,"child":[{"type":"Box","props":{"y":0,"x":0,"width":1920,"name":"bg","height":78},"compId":15,"child":[{"type":"Sprite","props":{"texture":"image/hall/header_bg.png"},"compId":46}]},{"type":"Box","props":{"y":6,"width":1915,"var":"inner","height":407,"centerX":0},"compId":47,"child":[{"type":"Box","props":{"y":-1,"var":"left_wrap","left":30},"compId":56,"child":[{"type":"Box","props":{"y":14,"width":185,"visible":false,"var":"user_box","mouseThrough":false,"mouseEnabled":true,"left":0,"height":37},"compId":31,"child":[{"type":"Sprite","props":{"texture":"image/hall/avatar.png"},"compId":4},{"type":"Label","props":{"y":10,"x":42,"width":163,"var":"nickname","text":"nickname","overflow":"hidden","height":22,"fontSize":22,"color":"#fff","align":"left"},"compId":30}]},{"type":"Box","props":{"y":9,"x":225,"width":271,"var":"btn_coin_select","height":56},"compId":25,"child":[{"type":"Button","props":{"stateNum":1,"skin":"image/hall/btn_coin_type.png"},"compId":5},{"type":"Sprite","props":{"y":0,"x":216,"texture":"image/hall/split_vertical.png"},"compId":6},{"type":"Button","props":{"y":28,"x":239,"width":29,"var":"coin_triangle","stateNum":1,"skin":"image/hall/btn_down.png","pivotY":14,"pivotX":15,"height":27},"compId":7},{"type":"Label","props":{"y":2,"x":46,"width":41,"var":"coin_name","valign":"middle","text":"BTC","height":50,"fontSize":20,"color":"#fff392"},"compId":28},{"type":"Image","props":{"y":14,"x":17,"width":25,"var":"coin_icon","skin":"image/common/coin/BTC.png","height":25},"compId":35},{"type":"coinMenu","props":{"y":59,"x":7,"visible":false,"var":"coin_menu","runtime":"ui.scenes.hall.coinMenuUI"},"compId":34},{"type":"Label","props":{"y":26,"x":210,"width":119,"var":"coin_num","valign":"middle","right":61,"height":46,"fontSize":20,"color":"#fff","anchorY":0.5,"anchorX":1,"align":"right"},"compId":65}]},{"type":"Button","props":{"y":37,"x":536,"visible":false,"var":"btn_recharge","stateNum":1,"skin":"image/hall/btn_recharge.png","anchorY":0.5,"anchorX":0.5},"compId":66},{"type":"Box","props":{"y":0,"x":575,"width":183,"visible":false,"var":"middle_btn_wrap","height":71},"compId":20,"child":[{"type":"Button","props":{"y":35,"x":42,"var":"btn_charge","stateNum":1,"skin":"image/hall/btn_get.png","sizeGrid":"0,36,0,37","anchorY":0.5,"anchorX":0.5},"compId":10,"child":[{"type":"Image","props":{"skin":"image/international/charge_zh.png","name":"txt_label","centerY":-4,"centerX":0},"compId":59}]},{"type":"Button","props":{"y":35,"x":140,"var":"btn_get","stateNum":1,"skin":"image/hall/btn_get.png","anchorY":0.5,"anchorX":0.5},"compId":9,"child":[{"type":"Image","props":{"y":20,"x":20,"skin":"image/international/withdraw_zh.png","name":"txt_label","centerY":-4,"centerX":0},"compId":60}]}]}]},{"type":"Box","props":{"y":9,"var":"right_wrap","right":25},"compId":58,"child":[{"type":"Box","props":{"y":0,"x":0,"width":321,"var":"btn_right_wrap","height":48},"compId":22,"child":[{"type":"Button","props":{"y":24,"x":-249,"var":"btn_arena_record","stateNum":1,"skin":"image/hall/btn_record.png","anchorY":0.5,"anchorX":0.5},"compId":68},{"type":"Button","props":{"y":25,"x":-174,"visible":false,"var":"btn_withdraw","stateNum":1,"skin":"image/hall/btn_withdraw.png","anchorY":0.5,"anchorX":0.5},"compId":67},{"type":"Button","props":{"y":24,"x":-99,"var":"btn_game_record","stateNum":1,"skin":"image/hall/btn_game_record.png","anchorY":0.5,"anchorX":0.5},"compId":63},{"type":"Button","props":{"y":23,"x":-26,"var":"btn_item_record","stateNum":1,"skin":"image/hall/btn_item_record.png","anchorY":0.5,"anchorX":0.5},"compId":64},{"type":"Button","props":{"y":23,"x":52,"visible":false,"var":"btn_home","stateNum":1,"skin":"image/hall/btn_home.png","name":"","anchorY":0.5,"anchorX":0.5},"compId":14},{"type":"Button","props":{"y":24,"x":132,"visible":false,"var":"btn_app","stateNum":1,"skin":"image/hall/btn_app.png","name":"","anchorY":0.5,"anchorX":0.5},"compId":13},{"type":"Button","props":{"y":26,"x":211,"visible":false,"var":"btn_leave","stateNum":1,"skin":"image/hall/btn_leave.png","anchorY":0.5,"anchorX":0.5},"compId":21},{"type":"Button","props":{"y":24,"x":210,"visible":false,"var":"btn_login","stateNum":1,"skin":"image/hall/btn_login.png","name":"","anchorY":0.5,"anchorX":0.5},"compId":45},{"type":"Button","props":{"y":24,"x":289,"var":"btn_voice","stateNum":1,"skin":"image/hall/btn_voice.png","name":"","anchorY":0.5,"anchorX":0.5},"compId":11}]},{"type":"Box","props":{"y":2,"x":353,"width":77,"visible":false,"var":"flag_box","height":253},"compId":24,"child":[{"type":"Button","props":{"y":21,"x":60,"width":29,"var":"flag_triangle","stateNum":1,"skin":"image/hall/btn_down.png","pivotY":14,"pivotX":15,"height":27},"compId":12},{"type":"Image","props":{"var":"flag","skin":"image/common/flag/flag_zh.png"},"compId":32},{"type":"flagMenu","props":{"y":53,"x":-21,"visible":false,"var":"flag_menu","runtime":"ui.scenes.hall.flagMenuUI"},"compId":33}]}]}]}],"loadList":["image/hall/header_bg.png","image/hall/avatar.png","image/hall/btn_coin_type.png","image/hall/split_vertical.png","image/hall/btn_down.png","image/common/coin/BTC.png","scenes/hall/coinMenu.scene","image/hall/btn_recharge.png","image/hall/btn_get.png","image/international/charge_zh.png","image/international/withdraw_zh.png","image/hall/btn_record.png","image/hall/btn_withdraw.png","image/hall/btn_game_record.png","image/hall/btn_item_record.png","image/hall/btn_home.png","image/hall/btn_app.png","image/hall/btn_leave.png","image/hall/btn_login.png","image/hall/btn_voice.png","image/common/flag/flag_zh.png","scenes/hall/flagMenu.scene"],"loadList3D":[]}