{"type":"Dialog","props":{"width":1030,"runtime":"view/pop/lottery.ts","height":710},"compId":2,"child":[{"type":"Box","props":{"y":-2,"x":-3,"var":"bg"},"compId":3,"child":[{"type":"Image","props":{"y":77,"x":26,"width":990,"skin":"image/pop/shop/bg.png","sizeGrid":"0,42,0,42","height":629},"compId":5},{"type":"Sprite","props":{"y":12,"texture":"image/pop/shop/top_bg.png"},"compId":6},{"type":"Sprite","props":{"x":379,"texture":"image/pop/shop/title_bg.png"},"compId":7},{"type":"Sprite","props":{"y":654,"x":969,"texture":"image/pop/shop/star.png"},"compId":9},{"type":"Image","props":{"y":22,"var":"title","skin":"image/international/txt_lottery_zh.png","centerX":0},"compId":10},{"type":"SkeletonPlayer","props":{"y":344,"x":515,"url":"image/pop/shop/shop_bulb.sk","runtime":"Laya.Skeleton"},"compId":49}]},{"type":"Button","props":{"y":20,"x":937,"stateNum":1,"skin":"image/pop/lottery/btn_close.png","name":"close"},"compId":4},{"type":"Sprite","props":{"y":146,"x":45,"width":945,"texture":"image/pop/lottery/lottery_top_bg.png","height":243},"compId":13,"child":[{"type":"SkeletonPlayer","props":{"y":143,"x":475,"url":"image/pop/lottery/exchange_top_bubble.sk","runtime":"Laya.Skeleton"},"compId":48},{"type":"List","props":{"y":26,"x":82,"width":781,"var":"lottery_list","spaceX":46,"repeatY":1,"height":131},"compId":23,"child":[{"type":"item","props":{"renderType":"render","name":"item","runtime":"ui.pop.lottery.itemUI"},"compId":24}]},{"type":"Button","props":{"y":165,"x":737,"var":"btn_lottery","stateNum":1,"skin":"image/pop/lottery/btn_get_lottery.png"},"compId":20,"child":[{"type":"Label","props":{"y":2,"width":131,"var":"btn_label","valign":"middle","text":"抽奖","height":47,"fontSize":22,"font":"Arial","color":"#914516","centerX":-1,"bold":true,"align":"center"},"compId":22}]},{"type":"ProgressBar","props":{"y":183,"x":73,"width":622,"var":"progress","skin":"image/loading/progress.png","sizeGrid":"0,20,0,40","height":18},"compId":44,"child":[{"type":"Label","props":{"y":-13,"x":237,"width":148,"var":"lottery_remain","valign":"middle","text":"100/1000","strokeColor":"#391b06","stroke":2,"height":30,"fontSize":24,"color":"#fff","bold":true,"align":"center"},"compId":46}]},{"type":"Box","props":{"y":264,"width":949,"var":"exchange_list","height":247,"centerX":0},"compId":50,"child":[{"type":"item2","props":{"y":0,"x":369,"renderType":"render","name":"item","runtime":"ui.pop.lottery.item2UI"},"compId":25}]}]},{"type":"Sprite","props":{"y":359,"x":250,"texture":"image/pop/lottery/riborn.png"},"compId":12,"child":[{"type":"Label","props":{"y":10,"x":132,"width":266,"var":"sub_title","text":"兑 换","stroke":2,"height":31,"fontSize":31,"color":"#fff6c2","bold":true,"align":"center"},"compId":28}]},{"type":"Button","props":{"y":158,"x":937,"width":43,"var":"btn_help","stateNum":1,"skin":"image/game/btn_help.png","height":47},"compId":51}],"loadList":["image/pop/shop/bg.png","image/pop/shop/top_bg.png","image/pop/shop/title_bg.png","image/pop/shop/star.png","image/international/txt_lottery_zh.png","image/pop/shop/shop_bulb.sk","image/pop/lottery/btn_close.png","image/pop/lottery/lottery_top_bg.png","image/pop/lottery/exchange_top_bubble.sk","image/pop/lottery/btn_get_lottery.png","image/loading/progress.png","image/pop/lottery/riborn.png","image/game/btn_help.png"],"loadList3D":[]}