{"type":"Scene","props":{"width":1920,"runtime":"view/scenes/arena/arenaView.ts","height":750,"autoDestroyAtClosed":true},"compId":2,"child":[{"type":"Box","props":{"width":1920,"var":"bg_wrap","height":750,"centerY":0,"centerX":0},"compId":10,"child":[{"type":"Image","props":{"var":"bg","skin":"image/game/normal_bg/bg1.jpg","centerY":0,"centerX":0},"compId":9},{"type":"SkeletonPlayer","props":{"y":376,"x":960,"var":"bubble_ani","url":"image/game/bg_normal1.sk","runtime":"Laya.Skeleton"},"compId":7},{"type":"SkeletonPlayer","props":{"y":375,"x":960,"url":"image/game/wave.sk","scaleY":4,"scaleX":4,"runtime":"Laya.Skeleton"},"compId":8}]},{"type":"Box","props":{"y":0,"x":0,"width":1920,"var":"pool","mouseThrough":false,"mouseEnabled":true,"height":750,"centerY":0,"centerX":0},"compId":3},{"type":"SkeletonPlayer","props":{"y":393,"x":960,"width":100,"visible":false,"var":"bubble_wall","url":"ani/other/bubble.sk","height":100,"alpha":0.5,"runtime":"Laya.Skeleton"},"compId":43},{"type":"Box","props":{"y":0,"x":0,"width":1920,"var":"ani_wrap","height":750,"centerY":0,"centerX":0},"compId":36},{"type":"Box","props":{"y":0,"width":1334,"var":"ctrl_box","mouseThrough":true,"mouseEnabled":true,"height":750,"centerX":0},"compId":11,"child":[{"type":"Box","props":{"y":8,"x":0,"width":473,"var":"left_box","height":93},"compId":52,"child":[{"type":"Button","props":{"y":43,"x":40,"var":"btn_leave","stateNum":1,"skin":"image/game/btn_quit.png","anchorY":0.5,"anchorX":0.5},"compId":12},{"type":"Button","props":{"y":43,"x":158,"var":"btn_shop","stateNum":1,"skin":"image/arena/btn_shop.png","anchorY":0.5,"anchorX":0.5},"compId":48},{"type":"Button","props":{"y":43,"x":275,"var":"btn_gift","stateNum":1,"skin":"image/arena/btn_gift.png","anchorY":0.5,"anchorX":0.5},"compId":49},{"type":"Button","props":{"y":42,"x":393,"var":"btn_rank","stateNum":1,"skin":"image/arena/btn_match.png","anchorY":0.5,"anchorX":0.5},"compId":50}]},{"type":"Box","props":{"y":8,"width":89,"var":"right_box","right":0,"height":238},"compId":51,"child":[{"type":"Button","props":{"y":43,"x":40,"var":"btn_help","stateNum":1,"skin":"image/arena/btn_help.png","anchorY":0.5,"anchorX":0.5},"compId":53},{"type":"Button","props":{"y":151,"x":40,"var":"btn_music","stateNum":1,"skin":"image/arena/btn_music.png","anchorY":0.5,"anchorX":0.5},"compId":54}]},{"type":"Sprite","props":{"y":512,"x":0,"visible":false,"var":"task_panel","texture":"image/arena/task_panel_bg.png"},"compId":55,"child":[{"type":"Sprite","props":{"y":17,"x":149,"visible":false,"texture":"image/arena/task_num_bg.png","name":"task_item"},"compId":61,"child":[{"type":"Image","props":{"y":-3,"x":9,"width":33,"skin":"image/pop/help/fish1.png","name":"task_name","height":34},"compId":85},{"type":"Label","props":{"y":6,"x":136,"text":"2/2","right":15,"name":"task_num","fontSize":18,"color":"#fff"},"compId":76}]},{"type":"Sprite","props":{"y":54,"x":149,"visible":false,"texture":"image/arena/task_num_bg.png","name":"task_item"},"compId":62,"child":[{"type":"Image","props":{"y":-3,"x":9,"width":33,"skin":"image/pop/help/fish1.png","name":"task_name","height":34},"compId":86},{"type":"Label","props":{"y":6,"x":136,"text":"2/2","right":15,"name":"task_num","fontSize":18,"color":"#fff"},"compId":78}]},{"type":"Sprite","props":{"y":91,"x":149,"visible":false,"texture":"image/arena/task_num_bg.png","name":"task_item"},"compId":63,"child":[{"type":"Image","props":{"y":-3,"x":9,"width":33,"skin":"image/pop/help/fish1.png","name":"task_name","height":34},"compId":87},{"type":"Label","props":{"y":6,"x":136,"text":"2/2","right":15,"name":"task_num","fontSize":18,"color":"#fff"},"compId":80}]},{"type":"Label","props":{"y":16,"x":11,"width":127,"var":"task_award_name","text":"积分奖励","strokeColor":"#333c68","stroke":2,"height":12,"fontSize":18,"color":"#ffea00","align":"center"},"compId":81},{"type":"Label","props":{"y":42,"x":11,"width":122,"var":"task_award_num","text":"1500","height":12,"fontSize":18,"color":"#fff","align":"center"},"compId":82},{"type":"Label","props":{"y":79,"x":11,"width":127,"var":"task_time_name","text":"悬赏时间","strokeColor":"#333c68","stroke":2,"height":12,"fontSize":18,"color":"#ffea00","align":"center"},"compId":83},{"type":"Label","props":{"y":100,"x":11,"width":122,"var":"task_time_num","text":"01:32","height":12,"fontSize":18,"color":"#fff","align":"center"},"compId":84}]},{"type":"Image","props":{"y":651,"x":10,"visible":false,"var":"my_score_panel","skin":"image/arena/bullet_box_bg.png"},"compId":56,"child":[{"type":"Sprite","props":{"y":57.5,"x":15,"texture":"image/arena/bullet_num_bg.png"},"compId":57},{"type":"Label","props":{"y":20,"x":35,"var":"score_name","text":"本场积分","fontSize":20,"color":"#fff"},"compId":64},{"type":"Label","props":{"y":18,"x":247,"text":"0","right":35,"name":"score_num","fontSize":20,"font":"score_num","color":"#fff"},"compId":65},{"type":"Label","props":{"y":68,"x":45,"width":244,"text":"剩余子弹 ～","name":"bullet_num","height":20,"fontSize":20,"color":"#fdf7d3","align":"center"},"compId":66}]},{"type":"Image","props":{"y":0,"visible":false,"var":"other_score_panel","skin":"image/arena/other_bullet_box_bg.png","right":105},"compId":58,"child":[{"type":"Label","props":{"y":55,"x":35,"text":"本场积分","name":"score_name","fontSize":20,"color":"#fff"},"compId":68},{"type":"Label","props":{"y":51,"text":"0","right":35,"name":"score_num","fontSize":20,"font":"score_num","color":"#fff"},"compId":69},{"type":"Sprite","props":{"y":8,"x":14,"texture":"image/arena/other_bullet_num_bg.png"},"compId":59},{"type":"Label","props":{"y":17,"x":42,"width":244,"text":"剩余子弹 ～","name":"bullet_num","height":20,"fontSize":20,"color":"#fdf7d3","align":"center"},"compId":70}]},{"type":"skillBox","props":{"y":648,"var":"skill_box","right":10,"bottom":0,"runtime":"ui.scenes.arena.skillBoxUI"},"compId":47}]},{"type":"Box","props":{"y":0,"x":0,"width":1920,"var":"gun_wrap","mouseThrough":true,"mouseEnabled":true,"height":750,"centerY":0,"centerX":0},"compId":37},{"type":"Box","props":{"y":0,"x":0,"width":1920,"var":"ani_overlay","height":750,"centerY":0,"centerX":0},"compId":45},{"type":"SkeletonPlayer","props":{"y":393,"x":893,"visible":false,"var":"bubble_overlay","url":"ani/other/bubble_overlay.sk","runtime":"Laya.Skeleton"},"compId":44}],"loadList":["image/game/normal_bg/bg1.jpg","image/game/bg_normal1.sk","image/game/wave.sk","ani/other/bubble.sk","image/game/btn_quit.png","image/arena/btn_shop.png","image/arena/btn_gift.png","image/arena/btn_match.png","image/arena/btn_help.png","image/arena/btn_music.png","image/arena/task_panel_bg.png","image/arena/task_num_bg.png","image/pop/help/fish1.png","image/arena/bullet_box_bg.png","image/arena/bullet_num_bg.png","image/arena/other_bullet_box_bg.png","image/arena/other_bullet_num_bg.png","scenes/arena/skillBox.scene","ani/other/bubble_overlay.sk"],"loadList3D":[]}