{"type":"View","props":{"width":325,"height":102},"compId":2,"child":[{"type":"Sprite","props":{"y":0,"x":0,"width":325,"texture":"image/game/skill_box_bg.png","height":102},"compId":3},{"type":"Box","props":{"y":3,"x":15,"width":289,"var":"skill_list","height":96},"compId":12,"child":[{"type":"skillItem","props":{"name":"item0","runtime":"view/scenes/game/skillItemView.ts"},"compId":4},{"type":"skillItem","props":{"x":97,"name":"item1","runtime":"view/scenes/game/skillItemView.ts"},"compId":5}]},{"type":"Sprite","props":{"y":5,"x":212,"var":"auto_shoot","texture":"image/game/skill_auto.png","mouseThrough":false,"mouseEnabled":true},"compId":15,"child":[{"type":"Image","props":{"y":60,"var":"auto_shoot_txt","skin":"image/international/auto_en.png","centerX":0},"compId":18},{"type":"SkeletonPlayer","props":{"y":47,"x":48,"width":39,"visible":false,"var":"auto_shoot_light","url":"ani/other/skill_border_light.sk","scaleY":1.02,"height":32,"runtime":"Laya.Skeleton"},"compId":19}]}],"loadList":["image/game/skill_box_bg.png","image/game/skill_auto.png","image/international/auto_en.png","ani/other/skill_border_light.sk"],"loadList3D":[]}