{"frames":{"flag_en.png":{"frame":{"h":46,"idx":0,"w":45,"x":0,"y":0},"sourceSize":{"h":46,"w":45},"spriteSourceSize":{"x":0,"y":0}},"flag_hk.png":{"frame":{"h":46,"idx":0,"w":45,"x":0,"y":47},"sourceSize":{"h":46,"w":45},"spriteSourceSize":{"x":0,"y":0}},"flag_jp.png":{"frame":{"h":46,"idx":0,"w":45,"x":46,"y":0},"sourceSize":{"h":46,"w":45},"spriteSourceSize":{"x":0,"y":0}},"flag_kor.png":{"frame":{"h":46,"idx":0,"w":45,"x":92,"y":0},"sourceSize":{"h":46,"w":45},"spriteSourceSize":{"x":0,"y":0}},"flag_zh.png":{"frame":{"h":46,"idx":0,"w":45,"x":46,"y":47},"sourceSize":{"h":46,"w":45},"spriteSourceSize":{"x":0,"y":0}}},"meta":{"image":"flag.png","prefix":"image/common/flag/"}}