{"frames":{"bgInner1.png":{"frame":{"h":80,"idx":0,"w":45,"x":447,"y":172},"sourceSize":{"h":80,"w":45},"spriteSourceSize":{"x":0,"y":0}},"bgInner2.png":{"frame":{"h":42,"idx":0,"w":58,"x":438,"y":405},"sourceSize":{"h":42,"w":58},"spriteSourceSize":{"x":0,"y":0}},"bgInner3.png":{"frame":{"h":35,"idx":0,"w":46,"x":447,"y":253},"sourceSize":{"h":35,"w":46},"spriteSourceSize":{"x":0,"y":0}},"bgNum.png":{"frame":{"h":95,"idx":0,"w":96,"x":356,"y":76},"sourceSize":{"h":95,"w":96},"spriteSourceSize":{"x":0,"y":0}},"bg_line.png":{"frame":{"h":2,"idx":0,"w":342,"x":0,"y":478},"sourceSize":{"h":2,"w":365},"spriteSourceSize":{"x":13,"y":0}},"btn_green.png":{"frame":{"h":75,"idx":0,"w":174,"x":178,"y":340},"sourceSize":{"h":75,"w":174},"spriteSourceSize":{"x":0,"y":0}},"btn_yellow.png":{"frame":{"h":75,"idx":0,"w":239,"x":178,"y":0},"sourceSize":{"h":75,"w":239},"spriteSourceSize":{"x":0,"y":0}},"rank_bg.png":{"frame":{"h":295,"idx":0,"w":177,"x":0,"y":0},"sourceSize":{"h":295,"w":177},"spriteSourceSize":{"x":0,"y":0}},"shadow.png":{"frame":{"h":61,"idx":0,"w":31,"x":178,"y":416},"sourceSize":{"h":61,"w":31},"spriteSourceSize":{"x":0,"y":0}},"sign1.png":{"frame":{"h":75,"idx":0,"w":83,"x":356,"y":254},"sourceSize":{"h":75,"w":83},"spriteSourceSize":{"x":0,"y":0}},"sign2.png":{"frame":{"h":74,"idx":0,"w":84,"x":353,"y":405},"sourceSize":{"h":74,"w":84},"spriteSourceSize":{"x":0,"y":0}},"sign3.png":{"frame":{"h":74,"idx":0,"w":84,"x":356,"y":330},"sourceSize":{"h":74,"w":84},"spriteSourceSize":{"x":0,"y":0}},"signBg1.png":{"frame":{"h":88,"idx":0,"w":177,"x":0,"y":296},"sourceSize":{"h":88,"w":177},"spriteSourceSize":{"x":0,"y":0}},"signBg2.png":{"frame":{"h":87,"idx":0,"w":177,"x":178,"y":76},"sourceSize":{"h":87,"w":177},"spriteSourceSize":{"x":0,"y":0}},"signBg3.png":{"frame":{"h":87,"idx":0,"w":177,"x":178,"y":252},"sourceSize":{"h":87,"w":177},"spriteSourceSize":{"x":0,"y":0}},"signBg4.png":{"frame":{"h":87,"idx":0,"w":177,"x":0,"y":385},"sourceSize":{"h":87,"w":177},"spriteSourceSize":{"x":0,"y":0}},"signBgTop.png":{"frame":{"h":87,"idx":0,"w":177,"x":178,"y":164},"sourceSize":{"h":87,"w":177},"spriteSourceSize":{"x":0,"y":0}},"signTop.png":{"frame":{"h":81,"idx":0,"w":90,"x":356,"y":172},"sourceSize":{"h":81,"w":90},"spriteSourceSize":{"x":0,"y":0}}},"meta":{"image":"arenaCompetitionInfo.png","prefix":"image/pop/arenaCompetitionInfo/"}}