{"frames":{"bgBottom.png":{"frame":{"h":496,"idx":0,"w":186,"x":0,"y":0},"sourceSize":{"h":496,"w":186},"spriteSourceSize":{"x":0,"y":0}},"bgInner1.png":{"frame":{"h":115,"idx":0,"w":63,"x":329,"y":158},"sourceSize":{"h":115,"w":63},"spriteSourceSize":{"x":0,"y":0}},"bgInner2.png":{"frame":{"h":93,"idx":0,"w":61,"x":365,"y":53},"sourceSize":{"h":93,"w":61},"spriteSourceSize":{"x":0,"y":0}},"btn.png":{"frame":{"h":52,"idx":0,"w":141,"x":329,"y":0},"sourceSize":{"h":52,"w":141},"spriteSourceSize":{"x":0,"y":0}},"btnClip.png":{"frame":{"h":104,"idx":0,"w":141,"x":187,"y":0},"sourceSize":{"h":104,"w":141},"spriteSourceSize":{"x":0,"y":0}},"btn_cur.png":{"frame":{"h":52,"idx":0,"w":141,"x":187,"y":158},"sourceSize":{"h":52,"w":141},"spriteSourceSize":{"x":0,"y":0}},"icon-close.png":{"frame":{"h":71,"idx":0,"w":67,"x":427,"y":53},"sourceSize":{"h":71,"w":67},"spriteSourceSize":{"x":0,"y":0}},"iconRank.png":{"frame":{"h":52,"idx":0,"w":177,"x":187,"y":105},"sourceSize":{"h":52,"w":177},"spriteSourceSize":{"x":0,"y":0}}},"meta":{"image":"arenaRank.png","prefix":"image/pop/arenaRank/"}}