{"type":"Dialog","props":{"width":658,"runtime":"view/pop/alert.ts","isModal":true,"height":429},"compId":2,"child":[{"type":"Box","props":{"y":0,"x":0,"width":658,"height":427},"compId":5,"child":[{"type":"Sprite","props":{"y":0,"x":0,"texture":"image/pop/alert/alert_bg_01.png"},"compId":3},{"type":"Image","props":{"y":58,"x":0,"width":658,"skin":"image/pop/alert/alert_bg_02.png","sizeGrid":"0,38,0,40","height":369},"compId":7}]},{"type":"Button","props":{"y":0,"x":603,"stateNum":1,"skin":"image/pop/alert/btn_close.png","name":"close"},"compId":6},{"type":"Image","props":{"y":73,"x":30,"width":596,"skin":"image/pop/alert/alert_con_bg.png","sizeGrid":"24,24,24,24","height":222},"compId":10,"child":[{"type":"Label","props":{"y":7,"x":7,"wordWrap":true,"width":582,"var":"label","valign":"middle","text":"数据异常，请刷新页面重试!","leading":5,"height":208,"fontSize":24,"color":"#364a6c","bold":true,"align":"center"},"compId":11}]},{"type":"Label","props":{"y":10,"x":294,"var":"title","text":"提示","strokeColor":"#024b7d","stroke":3,"fontSize":35,"color":"#ffffff"},"compId":18},{"type":"Box","props":{"y":318,"x":120,"width":421,"var":"btn_box"},"compId":17,"child":[{"type":"Button","props":{"var":"btn_cancel","stateNum":1,"skin":"image/pop/alert/btn_cancel.png"},"compId":12,"child":[{"type":"Label","props":{"y":0,"width":162,"var":"btn_cancel_label","valign":"middle","text":"取消","height":58,"fontSize":28,"color":"#085da6","centerX":0,"bold":true,"align":"center"},"compId":21}]},{"type":"Button","props":{"y":1,"x":255,"var":"btn_confirm","stateNum":1,"skin":"image/pop/alert/btn_confirm.png"},"compId":13,"child":[{"type":"Label","props":{"y":-1,"width":157,"var":"btn_confirm_label","valign":"middle","text":"确定","height":58,"fontSize":28,"color":"#983c00","centerX":0,"bold":true,"align":"center"},"compId":19}]}]}],"loadList":["image/pop/alert/alert_bg_01.png","image/pop/alert/alert_bg_02.png","image/pop/alert/btn_close.png","image/pop/alert/alert_con_bg.png","image/pop/alert/btn_cancel.png","image/pop/alert/btn_confirm.png"],"loadList3D":[]}