{"type":"Dialog","props":{"width":450,"runtime":"view/pop/arenaTaskTip.ts","isShowEffect":false,"height":48},"compId":2,"child":[{"type":"Image","props":{"var":"bg","top":0,"skin":"image/gameArena/arenaTaskTipBg.png","sizeGrid":"17,23,22,28","right":0,"left":0,"bottom":0},"compId":3,"child":[{"type":"Label","props":{"var":"label","valign":"middle","top":0,"text":"完成悬赏任务，有积分奖励！","strokeColor":"#613017","stroke":1,"right":0,"left":0,"fontSize":30,"color":"#ffc832","bottom":0,"align":"center"},"compId":4}]}],"loadList":["image/gameArena/arenaTaskTipBg.png"],"loadList3D":[]}