{"type":"Dialog","props":{"width":450,"runtime":"view/pop/arenaGameStatus.ts","height":48},"compId":2,"child":[{"type":"Image","props":{"y":23,"x":224,"var":"end_node","skin":"image/gameArena/end.png","anchorY":0.5,"anchorX":0.5},"compId":5},{"type":"Image","props":{"y":23,"x":224,"var":"start_node","skin":"image/gameArena/start.png","anchorY":0.5,"anchorX":0.5},"compId":6},{"type":"Box","props":{"y":24,"x":225,"width":35,"var":"count_box","top":0,"bottom":0,"anchorY":0.5,"anchorX":0.5},"compId":8,"child":[{"type":"Label","props":{"y":24,"x":17.5,"var":"count_label","text":"3","scaleY":2,"scaleX":2,"font":"lottery","anchorY":0.5,"anchorX":0.5},"compId":7}]}],"loadList":["image/gameArena/end.png","image/gameArena/start.png"],"loadList3D":[]}