{"type":"Dialog","props":{"width":658,"runtime":"view/pop/voice.ts","isModal":true,"height":457},"compId":2,"child":[{"type":"Box","props":{"y":0,"x":0,"width":658,"height":457},"compId":3,"child":[{"type":"Sprite","props":{"y":0,"x":0,"texture":"image/pop/alert/alert_bg_01.png"},"compId":5},{"type":"Image","props":{"y":57,"x":0,"width":658,"skin":"image/pop/alert/alert_bg_02.png","sizeGrid":"0,38,0,40","height":412},"compId":6},{"type":"Label","props":{"y":2,"x":170,"width":317,"var":"title","valign":"middle","text":"音量设置","strokeColor":"#024b7d","stroke":3,"height":51,"fontSize":30,"color":"#ffffff","align":"center"},"compId":30}]},{"type":"Button","props":{"y":0,"x":603,"stateNum":1,"skin":"image/pop/alert/btn_close.png","name":"close"},"compId":4},{"type":"Box","props":{"y":96,"x":46},"compId":24,"child":[{"type":"Sprite","props":{},"compId":12,"child":[{"type":"Sprite","props":{"y":13.5,"texture":"image/pop/alert/split_line.png"},"compId":9},{"type":"Sprite","props":{"y":13.5,"x":567,"texture":"image/pop/alert/split_line.png","scaleX":-1},"compId":10},{"type":"Label","props":{"y":-2,"x":228,"width":110,"var":"music_label","text":"音乐","height":27,"fontSize":27,"color":"#0174ac","align":"center"},"compId":31}]},{"type":"Sprite","props":{"y":54,"x":9,"texture":"image/pop/alert/icon_music.png"},"compId":17},{"type":"voiceProgress","props":{"y":53,"x":59,"var":"music_progress","runtime":"ui.pop.alert.voiceProgressUI"},"compId":28}]},{"type":"Sprite","props":{"y":248,"x":46},"compId":13,"child":[{"type":"Sprite","props":{"y":13.5,"texture":"image/pop/alert/split_line.png"},"compId":14},{"type":"Sprite","props":{"y":13.5,"x":567,"texture":"image/pop/alert/split_line.png","scaleX":-1},"compId":15},{"type":"Label","props":{"y":-2,"x":232,"width":105,"var":"sound_label","text":"音效","height":27,"fontSize":27,"color":"#0174ac","align":"center"},"compId":33},{"type":"Sprite","props":{"y":55,"x":11,"texture":"image/pop/alert/icon_voice.png"},"compId":19},{"type":"voiceProgress","props":{"y":53,"x":59,"var":"voice_progress","runtime":"ui.pop.alert.voiceProgressUI"},"compId":29}]},{"type":"Text","props":{"y":422,"x":459,"width":171,"var":"version","text":"2021/11/1","height":12,"fontSize":14,"color":"#0174ac","align":"right","runtime":"Laya.Text"},"compId":34}],"loadList":["image/pop/alert/alert_bg_01.png","image/pop/alert/alert_bg_02.png","image/pop/alert/btn_close.png","image/pop/alert/split_line.png","image/pop/alert/icon_music.png","pop/alert/voiceProgress.scene","image/pop/alert/icon_voice.png"],"loadList3D":[]}