{"type":"Scene","props":{"width":1920,"runtime":"view/scenes/hallView.ts","height":750,"autoDestroyAtClosed":true},"compId":2,"child":[{"type":"Sprite","props":{"y":3,"x":0,"var":"bg","texture":"image/hall/bg.jpg"},"compId":3},{"type":"SkeletonPlayer","props":{"y":366,"x":955.5,"width":111,"url":"image/hall/hall_light.sk","height":111,"runtime":"Laya.Skeleton"},"compId":22},{"type":"Box","props":{"y":125,"x":799,"var":"normal_box"},"compId":11,"child":[{"type":"SkeletonPlayer","props":{"y":350,"x":168,"url":"image/hall/normal_sign.sk","name":"ani","runtime":"Laya.Skeleton"},"compId":24},{"type":"Label","props":{"y":349,"x":88,"width":136,"valign":"middle","text":"----","name":"coin_name","height":32,"fontSize":21,"color":"#fff580","bold":true,"align":"center"},"compId":27},{"type":"Box","props":{"y":400,"x":163,"width":151,"name":"btn_play","height":71},"compId":35,"child":[{"type":"SkeletonPlayer","props":{"y":35.5,"x":75.5,"url":"image/hall/normal_btn.sk","name":"ani","runtime":"Laya.Skeleton"},"compId":37}]},{"type":"Box","props":{"y":400,"x":13,"width":151,"name":"btn_try","height":71},"compId":36,"child":[{"type":"SkeletonPlayer","props":{"y":36.5,"x":71.5,"url":"image/hall/try_btn.sk","name":"ani","runtime":"Laya.Skeleton"},"compId":38}]},{"type":"Box","props":{"y":338,"x":67,"width":182,"var":"guide2","height":54},"compId":50}]},{"type":"Box","props":{"y":127,"x":1193,"var":"match_box"},"compId":12,"child":[{"type":"SkeletonPlayer","props":{"y":292,"x":157,"url":"image/hall/match_sign.sk","name":"ani","runtime":"Laya.Skeleton"},"compId":25},{"type":"Label","props":{"y":347,"x":88,"width":136,"valign":"middle","text":"----","name":"coin_name","height":32,"fontSize":21,"color":"#fff580","bold":true,"align":"center"},"compId":28},{"type":"Box","props":{"y":401,"x":163,"width":151,"visible":false,"name":"btn_play","height":71},"compId":31,"child":[{"type":"SkeletonPlayer","props":{"y":35.5,"x":75.5,"url":"image/hall/normal_btn.sk","name":"ani","runtime":"Laya.Skeleton"},"compId":33}]},{"type":"Box","props":{"y":400,"x":13,"width":151,"visible":false,"name":"btn_try","height":71},"compId":32,"child":[{"type":"SkeletonPlayer","props":{"y":36.5,"x":71.5,"url":"image/hall/try_btn.sk","name":"ani","runtime":"Laya.Skeleton"},"compId":34}]},{"type":"Button","props":{"y":395,"x":190,"stateNum":1,"skin":"image/hall/btn_yellowpng.png","name":"btn_match"},"compId":58,"child":[{"type":"Label","props":{"y":11,"x":0,"width":156,"var":"match_status","text":"竞技场","strokeColor":"#fffd8e","stroke":2,"height":25,"fontSize":24,"color":"#9f471f","bold":true,"align":"center"},"compId":63},{"type":"Label","props":{"y":42,"x":6,"width":141,"var":"match_timezone","text":"敬请期待","strokeColor":"#fffd8e","stroke":2,"height":25,"fontSize":16,"color":"#9f471f","align":"center"},"compId":64},{"type":"Image","props":{"y":3,"x":0,"skin":"image/hall/btn_yellow_gray.png","name":"gray"},"compId":62},{"type":"SkeletonPlayer","props":{"y":23.5,"x":98,"visible":false,"url":"image/hall/clickLight.sk","name":"clickLight","runtime":"Laya.Skeleton"},"compId":65}]},{"type":"Button","props":{"y":430,"x":108,"var":"btn_competition","stateNum":1,"skin":"image/hall/btn_blue.png","sizeGrid":"0,37,0,39","labelSize":30,"labelPadding":"0,0,5,0","anchorY":0.5,"anchorX":0.5},"compId":54,"child":[{"type":"Label","props":{"y":11.5,"x":-7.5,"width":165,"var":"arena_status","text":"大奖赛","strokeColor":"#f2f2f2","stroke":2,"height":25,"fontSize":24,"color":"#396aad","bold":true,"align":"center"},"compId":55},{"type":"Label","props":{"y":42.5,"x":-20.5,"width":193,"var":"arena_timezone","text":"11.10～11.17","strokeColor":"#f2f2f2","stroke":2,"height":25,"fontSize":16,"color":"#396aad","align":"center"},"compId":56},{"type":"Image","props":{"y":3,"x":0,"skin":"image/hall/btn_blue_gray.png","name":"gray"},"compId":61},{"type":"SkeletonPlayer","props":{"y":36.5,"x":76,"visible":false,"url":"image/hall/clickLight.sk","name":"clickLight","runtime":"Laya.Skeleton"},"compId":66}]}]},{"type":"Box","props":{"width":1920,"var":"inner","mouseThrough":true,"mouseEnabled":true,"height":750,"centerY":3,"centerX":0},"compId":43,"child":[{"type":"Box","props":{"y":616,"width":269,"var":"btn_play_now","right":34,"height":111},"compId":39,"child":[{"type":"SkeletonPlayer","props":{"y":55.5,"x":129,"url":"image/hall/play_now_btn.sk","name":"ani","runtime":"Laya.Skeleton"},"compId":40}]}]},{"type":"SkeletonPlayer","props":{"y":496,"x":528,"var":"mermaid","url":"image/hall/mermaid.sk","runtime":"Laya.Skeleton"},"compId":26},{"type":"SkeletonPlayer","props":{"y":496,"x":528,"url":"image/hall/mermaid_ball.sk","scaleY":2,"scaleX":2,"runtime":"Laya.Skeleton"},"compId":51},{"type":"header","props":{"y":1,"x":0,"var":"header","runtime":"ui.scenes.hall.headerUI"},"compId":19},{"type":"SkeletonPlayer","props":{"y":378,"x":975,"width":101,"url":"image/hall/hall_bubble.sk","height":111,"runtime":"Laya.Skeleton"},"compId":23}],"loadList":["image/hall/bg.jpg","image/hall/hall_light.sk","image/hall/normal_sign.sk","image/hall/normal_btn.sk","image/hall/try_btn.sk","image/hall/match_sign.sk","image/hall/btn_yellowpng.png","image/hall/btn_yellow_gray.png","image/hall/clickLight.sk","image/hall/btn_blue.png","image/hall/btn_blue_gray.png","image/hall/play_now_btn.sk","image/hall/mermaid.sk","image/hall/mermaid_ball.sk","scenes/hall/header.scene","image/hall/hall_bubble.sk"],"loadList3D":[]}