{"frames":{"btn_buy.png":{"frame":{"h":59,"idx":0,"w":142,"x":465,"y":452},"sourceSize":{"h":59,"w":142},"spriteSourceSize":{"x":0,"y":0}},"btn_close.png":{"frame":{"h":78,"idx":0,"w":73,"x":525,"y":512},"sourceSize":{"h":78,"w":73},"spriteSourceSize":{"x":0,"y":0}},"btn_use.png":{"frame":{"h":59,"idx":0,"w":142,"x":321,"y":456},"sourceSize":{"h":59,"w":142},"spriteSourceSize":{"x":0,"y":0}},"btn_used.png":{"frame":{"h":59,"idx":0,"w":142,"x":178,"y":456},"sourceSize":{"h":59,"w":142},"spriteSourceSize":{"x":0,"y":0}},"button_click.png":{"frame":{"h":170,"idx":0,"w":183,"x":0,"y":130},"sourceSize":{"h":256,"w":256},"spriteSourceSize":{"x":1,"y":1}},"icon_check.png":{"frame":{"h":26,"idx":0,"w":33,"x":394,"y":565},"sourceSize":{"h":26,"w":33},"spriteSourceSize":{"x":0,"y":0}},"item_bg.png":{"frame":{"h":95,"idx":0,"w":95,"x":465,"y":356},"sourceSize":{"h":95,"w":95},"spriteSourceSize":{"x":0,"y":0}},"item_bg_bd.png":{"frame":{"h":95,"idx":0,"w":96,"x":511,"y":0},"sourceSize":{"h":95,"w":96},"spriteSourceSize":{"x":0,"y":0}},"item_gun_box_bg.png":{"frame":{"h":225,"idx":0,"w":177,"x":377,"y":130},"sourceSize":{"h":225,"w":177},"spriteSourceSize":{"x":0,"y":0}},"item_panel_bg.png":{"frame":{"h":48,"idx":0,"w":43,"x":394,"y":516},"sourceSize":{"h":48,"w":43},"spriteSourceSize":{"x":0,"y":0}},"item_skill_box_bg.png":{"frame":{"h":225,"idx":0,"w":177,"x":0,"y":301},"sourceSize":{"h":225,"w":177},"spriteSourceSize":{"x":0,"y":0}},"select_bd.png":{"frame":{"h":238,"idx":0,"w":192,"x":184,"y":130},"sourceSize":{"h":238,"w":192},"spriteSourceSize":{"x":0,"y":0}},"shop_bulb.png":{"frame":{"h":129,"idx":0,"w":510,"x":0,"y":0},"sourceSize":{"h":256,"w":512},"spriteSourceSize":{"x":1,"y":1}},"shop_light.png":{"frame":{"h":63,"idx":0,"w":60,"x":464,"y":512},"sourceSize":{"h":128,"w":64},"spriteSourceSize":{"x":1,"y":1}},"star.png":{"frame":{"h":58,"idx":0,"w":77,"x":316,"y":516},"sourceSize":{"h":58,"w":77},"spriteSourceSize":{"x":0,"y":0}},"tag_item.png":{"frame":{"h":68,"idx":0,"w":68,"x":247,"y":516},"sourceSize":{"h":68,"w":68},"spriteSourceSize":{"x":0,"y":0}},"tag_skin.png":{"frame":{"h":68,"idx":0,"w":68,"x":178,"y":516},"sourceSize":{"h":68,"w":68},"spriteSourceSize":{"x":0,"y":0}},"title_bg.png":{"frame":{"h":86,"idx":0,"w":286,"x":178,"y":369},"sourceSize":{"h":86,"w":286},"spriteSourceSize":{"x":0,"y":0}}},"meta":{"image":"shop.png","prefix":"image/pop/shop/"}}