{"type":"Dialog","props":{"width":1061,"runtime":"view/pop/arenaTopPlayer.ts","isModal":true,"height":489},"compId":2,"child":[{"type":"Box","props":{"y":0,"x":0},"compId":7,"child":[{"type":"Sprite","props":{"y":0,"x":0,"texture":"image/pop/arenaTopPlayer/bgTop.png"},"compId":3},{"type":"Image","props":{"y":183,"x":7,"width":1054,"skin":"image/pop/arenaTopPlayer/bgBottom.png","sizeGrid":"0,81,0,55","height":305},"compId":5},{"type":"Label","props":{"y":33,"x":309,"width":442,"var":"title","valign":"middle","text":"捕鱼达人","strokeColor":"#024b7d","stroke":3,"height":76,"fontSize":43,"color":"#ffffff","align":"center"},"compId":11},{"type":"Button","props":{"y":31,"x":952,"stateNum":1,"skin":"image/pop/arenaTopPlayer/icon-close.png","name":"close"},"compId":4}]},{"type":"Image","props":{"y":120,"x":45,"width":956,"skin":"image/pop/arenaTopPlayer/innerBg.png","sizeGrid":"31,32,31,25","height":327},"compId":6,"child":[{"type":"List","props":{"y":16,"width":955,"var":"list","spaceX":10,"height":294,"centerX":0},"compId":9,"child":[{"type":"item","props":{"x":16,"renderType":"render","runtime":"ui.pop.arenaTopPlayer.itemUI"},"compId":10}]}]},{"type":"Image","props":{"y":120,"x":971,"width":26,"var":"border","skin":"image/pop/arenaTopPlayer/innerShadow.png","sizeGrid":"10,0,13,0","height":320},"compId":8},{"type":"Label","props":{"y":280,"x":402,"width":216,"visible":false,"var":"empty_tip","valign":"middle","text":"暂无数据","height":36,"fontSize":20,"color":"#ffea7b","align":"center"},"compId":12}],"loadList":["image/pop/arenaTopPlayer/bgTop.png","image/pop/arenaTopPlayer/bgBottom.png","image/pop/arenaTopPlayer/icon-close.png","image/pop/arenaTopPlayer/innerBg.png","pop/arenaTopPlayer/item.scene","image/pop/arenaTopPlayer/innerShadow.png"],"loadList3D":[]}