{"frames":{"aim.png":{"frame":{"h":254,"idx":0,"w":234,"x":754,"y":473},"sourceSize":{"h":257,"w":237},"spriteSourceSize":{"x":1,"y":1}},"award_light.png":{"frame":{"h":56,"idx":0,"w":189,"x":212,"y":629},"sourceSize":{"h":64,"w":256},"spriteSourceSize":{"x":1,"y":1}},"bubble.png":{"frame":{"h":501,"idx":0,"w":501,"x":0,"y":0},"sourceSize":{"h":512,"w":512},"spriteSourceSize":{"x":1,"y":1}},"bubble_overlay.png":{"frame":{"h":251,"idx":0,"w":251,"x":502,"y":473},"sourceSize":{"h":256,"w":256},"spriteSourceSize":{"x":1,"y":1}},"coin.png":{"frame":{"h":126,"idx":0,"w":188,"x":212,"y":502},"sourceSize":{"h":128,"w":256},"spriteSourceSize":{"x":1,"y":1}},"energy_light.png":{"frame":{"h":263,"idx":0,"w":211,"x":0,"y":502},"sourceSize":{"h":267,"w":214},"spriteSourceSize":{"x":1,"y":2}},"shoal_wave.png":{"frame":{"h":472,"idx":0,"w":477,"x":502,"y":0},"sourceSize":{"h":477,"w":480},"spriteSourceSize":{"x":1,"y":2}}},"meta":{"image":"other.png","prefix":"ani/other/"}}