{"frames":{"BBC.png":{"frame":{"h":121,"idx":0,"w":105,"x":0,"y":0},"sourceSize":{"h":150,"w":150},"spriteSourceSize":{"x":23,"y":15}},"BKBT.png":{"frame":{"h":107,"idx":0,"w":107,"x":0,"y":122},"sourceSize":{"h":150,"w":150},"spriteSourceSize":{"x":23,"y":20}},"BTC.png":{"frame":{"h":107,"idx":0,"w":107,"x":106,"y":0},"sourceSize":{"h":150,"w":150},"spriteSourceSize":{"x":22,"y":22}},"BTH.png":{"frame":{"h":107,"idx":0,"w":107,"x":0,"y":230},"sourceSize":{"h":150,"w":150},"spriteSourceSize":{"x":21,"y":21}},"CT.png":{"frame":{"h":109,"idx":0,"w":109,"x":0,"y":338},"sourceSize":{"h":150,"w":150},"spriteSourceSize":{"x":21,"y":21}},"CZT.png":{"frame":{"h":105,"idx":0,"w":105,"x":108,"y":108},"sourceSize":{"h":150,"w":150},"spriteSourceSize":{"x":23,"y":23}},"DCCB.png":{"frame":{"h":109,"idx":0,"w":109,"x":108,"y":214},"sourceSize":{"h":150,"w":150},"spriteSourceSize":{"x":21,"y":21}},"DT.png":{"frame":{"h":119,"idx":0,"w":107,"x":214,"y":0},"sourceSize":{"h":150,"w":150},"spriteSourceSize":{"x":22,"y":11}},"EOS.png":{"frame":{"h":104,"idx":0,"w":105,"x":0,"y":448},"sourceSize":{"h":150,"w":150},"spriteSourceSize":{"x":23,"y":23}},"ETC.png":{"frame":{"h":106,"idx":0,"w":107,"x":106,"y":448},"sourceSize":{"h":150,"w":150},"spriteSourceSize":{"x":23,"y":19}},"ETH.png":{"frame":{"h":107,"idx":0,"w":107,"x":110,"y":324},"sourceSize":{"h":150,"w":150},"spriteSourceSize":{"x":23,"y":21}},"ETT.png":{"frame":{"h":107,"idx":0,"w":107,"x":214,"y":432},"sourceSize":{"h":150,"w":150},"spriteSourceSize":{"x":22,"y":22}},"GECT.png":{"frame":{"h":126,"idx":0,"w":90,"x":218,"y":120},"sourceSize":{"h":150,"w":150},"spriteSourceSize":{"x":30,"y":12}},"GQ.png":{"frame":{"h":107,"idx":0,"w":107,"x":214,"y":540},"sourceSize":{"h":150,"w":150},"spriteSourceSize":{"x":22,"y":22}},"HPB.png":{"frame":{"h":102,"idx":0,"w":96,"x":0,"y":553},"sourceSize":{"h":150,"w":150},"spriteSourceSize":{"x":27,"y":24}},"IDA.png":{"frame":{"h":109,"idx":0,"w":109,"x":218,"y":247},"sourceSize":{"h":150,"w":150},"spriteSourceSize":{"x":21,"y":21}},"LB.png":{"frame":{"h":107,"idx":0,"w":107,"x":322,"y":357},"sourceSize":{"h":150,"w":150},"spriteSourceSize":{"x":22,"y":22}},"LBCN.png":{"frame":{"h":109,"idx":0,"w":109,"x":328,"y":232},"sourceSize":{"h":150,"w":150},"spriteSourceSize":{"x":21,"y":19}},"LTC.png":{"frame":{"h":106,"idx":0,"w":107,"x":411,"y":108},"sourceSize":{"h":150,"w":150},"spriteSourceSize":{"x":23,"y":22}},"NET.png":{"frame":{"h":107,"idx":0,"w":107,"x":430,"y":0},"sourceSize":{"h":150,"w":150},"spriteSourceSize":{"x":22,"y":22}},"NULS.png":{"frame":{"h":109,"idx":0,"w":109,"x":322,"y":465},"sourceSize":{"h":150,"w":150},"spriteSourceSize":{"x":21,"y":21}},"QBT.png":{"frame":{"h":96,"idx":0,"w":107,"x":97,"y":555},"sourceSize":{"h":150,"w":150},"spriteSourceSize":{"x":24,"y":25}},"Qtum.png":{"frame":{"h":99,"idx":0,"w":109,"x":430,"y":342},"sourceSize":{"h":150,"w":150},"spriteSourceSize":{"x":21,"y":26}},"TRX.png":{"frame":{"h":109,"idx":0,"w":109,"x":540,"y":323},"sourceSize":{"h":150,"w":150},"spriteSourceSize":{"x":21,"y":19}},"ULAM.png":{"frame":{"h":88,"idx":0,"w":122,"x":432,"y":442},"sourceSize":{"h":150,"w":150},"spriteSourceSize":{"x":14,"y":27}},"USDT.png":{"frame":{"h":104,"idx":0,"w":105,"x":538,"y":0},"sourceSize":{"h":150,"w":150},"spriteSourceSize":{"x":24,"y":23}},"VET.png":{"frame":{"h":112,"idx":0,"w":112,"x":432,"y":531},"sourceSize":{"h":150,"w":150},"spriteSourceSize":{"x":21,"y":19}},"XRP.png":{"frame":{"h":112,"idx":0,"w":107,"x":545,"y":531},"sourceSize":{"h":150,"w":150},"spriteSourceSize":{"x":22,"y":19}},"ionc.png":{"frame":{"h":111,"idx":0,"w":101,"x":309,"y":120},"sourceSize":{"h":150,"w":150},"spriteSourceSize":{"x":25,"y":20}},"jcash.png":{"frame":{"h":107,"idx":0,"w":107,"x":322,"y":0},"sourceSize":{"h":150,"w":150},"spriteSourceSize":{"x":22,"y":22}},"swtc.png":{"frame":{"h":107,"idx":0,"w":107,"x":438,"y":215},"sourceSize":{"h":150,"w":150},"spriteSourceSize":{"x":22,"y":22}},"swtc2.png":{"frame":{"h":106,"idx":0,"w":106,"x":519,"y":108},"sourceSize":{"h":150,"w":150},"spriteSourceSize":{"x":25,"y":22}},"ubank.png":{"frame":{"h":107,"idx":0,"w":107,"x":546,"y":215},"sourceSize":{"h":150,"w":150},"spriteSourceSize":{"x":22,"y":22}}},"meta":{"image":"coin.png","prefix":"image/common/coin/"}}