{"type":"Dialog","props":{"width":658,"height":427},"compId":2,"child":[{"type":"Box","props":{"y":0,"x":0,"width":658,"height":427},"compId":3,"child":[{"type":"Sprite","props":{"y":0,"x":0,"texture":"image/pop/alert/alert_bg_01.png"},"compId":5},{"type":"Image","props":{"y":58,"x":0,"width":658,"skin":"image/pop/alert/alert_bg_02.png","sizeGrid":"0,38,0,40","height":369},"compId":6},{"type":"Label","props":{"y":11,"width":265,"var":"title","text":"购买子弹","strokeColor":"#024b7d","stroke":3,"height":30,"fontSize":30,"color":"#ffffff","centerX":0,"align":"center"},"compId":41}]},{"type":"Button","props":{"y":0,"x":603,"stateNum":1,"skin":"image/pop/alert/btn_close.png","name":"close"},"compId":4},{"type":"Sprite","props":{"y":83,"x":271.5,"width":96,"texture":"image/pop/alert/bullet_bg.png","height":95},"compId":27,"child":[{"type":"Image","props":{"y":4,"x":3,"width":88,"var":"icon","height":87},"compId":49},{"type":"Label","props":{"y":32.5,"width":162,"visible":false,"var":"item_num","valign":"middle","text":"0.04","strokeColor":"#692315","stroke":2,"scaleY":1,"scaleX":1,"pivotY":15,"pivotX":81,"height":30,"fontSize":30,"font":"lottery","color":"#f4e090","centerX":0,"bold":true,"align":"center"},"compId":45},{"type":"Label","props":{"y":59,"x":25,"width":65,"visible":false,"var":"bullet_num","valign":"middle","text":"100","strokeColor":"#391b06","stroke":2,"height":30,"fontSize":24,"color":"#fff","bold":true,"align":"right"},"compId":46},{"type":"Image","props":{"y":57,"visible":false,"var":"item_type","skin":"image/pop/lottery/txt_btc.png","centerX":-3},"compId":47}]},{"type":"Box","props":{"y":212,"x":182.5},"compId":33,"child":[{"type":"Sprite","props":{"y":8,"x":21.5,"width":249,"texture":"image/pop/alert/buy_bullet_input_bg.png","height":40},"compId":30},{"type":"Button","props":{"x":-0.5,"var":"btn_minus","stateNum":1,"skin":"image/pop/alert/btn_minus.png"},"compId":31},{"type":"Button","props":{"y":4,"x":240.5,"var":"btn_add","stateNum":1,"skin":"image/pop/alert/btn_add.png"},"compId":32},{"type":"Label","props":{"y":16,"x":43,"width":193,"var":"num_label","valign":"middle","text":"500","height":24,"fontSize":24,"color":"#fff","align":"center"},"compId":40}]},{"type":"Label","props":{"y":270,"x":96,"width":466,"var":"intro","valign":"middle","text":"需要花费 xxx EOS","height":27,"fontSize":18,"color":"#71422b","align":"center"},"compId":37},{"type":"Button","props":{"y":322,"x":246,"var":"btn_buy","stateNum":1,"skin":"image/pop/alert/btn_confirm.png"},"compId":34,"child":[{"type":"Label","props":{"y":14,"width":133,"var":"btn_label","text":"购买","height":28,"fontSize":28,"color":"#983c00","centerX":0,"align":"center"},"compId":42}]}],"loadList":["image/pop/alert/alert_bg_01.png","image/pop/alert/alert_bg_02.png","image/pop/alert/btn_close.png","image/pop/alert/bullet_bg.png","image/pop/lottery/txt_btc.png","image/pop/alert/buy_bullet_input_bg.png","image/pop/alert/btn_minus.png","image/pop/alert/btn_add.png","image/pop/alert/btn_confirm.png"],"loadList3D":[]}