{"type":"Dialog","props":{"width":450,"runtime":"view/pop/tip.ts","mouseThrough":false,"mouseEnabled":true,"height":75},"compId":2,"child":[{"type":"Box","props":{"var":"inner","centerY":0,"centerX":0},"compId":9,"child":[{"type":"Image","props":{"var":"bg","top":0,"skin":"image/pop/alert/bg_pop_tip.png","sizeGrid":"25,25,25,25","right":0,"left":0,"bottom":0,"alpha":0.6},"compId":6},{"type":"Label","props":{"y":0,"x":0,"width":451,"var":"label","valign":"middle","text":"this is a test","stroke":3,"leading":5,"height":73,"fontSize":24,"color":"#fff","bold":true,"align":"center"},"compId":7}]}],"loadList":["image/pop/alert/bg_pop_tip.png"],"loadList3D":[]}