{"type":"Dialog","props":{"width":450,"runtime":"view/pop/topTip.ts","isShowEffect":false,"isPopupCenter":false,"isModal":false,"height":50},"compId":2,"child":[{"type":"Image","props":{"var":"bg","top":0,"skin":"image/pop/alert/bg_pop_tip_bottom.png","sizeGrid":"14,25,30,26","right":0,"left":0,"bottom":0,"alpha":0.8},"compId":6},{"type":"Label","props":{"y":0,"x":0,"width":451,"var":"label","valign":"middle","text":"this is a test","strokeColor":"#000000","stroke":3,"leading":5,"height":50,"fontSize":22,"color":"#fff","bold":true,"align":"center"},"compId":7}],"loadList":["image/pop/alert/bg_pop_tip_bottom.png"],"loadList3D":[]}