{"type":"Scene","props":{"width":500,"height":58},"compId":2,"child":[{"type":"Box","props":{"y":0,"x":24,"width":452,"var":"box","height":58},"compId":5,"child":[{"type":"ProgressBar","props":{"y":21,"width":452,"var":"progress_bar","skin":"image/pop/alert/progress_voice.png","sizeGrid":"0,14,0,4","height":13},"compId":3},{"type":"Button","props":{"y":28,"x":233,"width":54,"var":"progress_btn","stateNum":1,"skin":"image/pop/alert/btn_circle.png","height":58,"anchorY":0.5,"anchorX":0.5},"compId":4}]}],"loadList":["image/pop/alert/progress_voice.png","image/pop/alert/btn_circle.png"],"loadList3D":[]}