{"type":"Scene","props":{"width":1920,"runtime":"view/scenes/game/gameView.ts","height":750,"autoDestroyAtClosed":true},"compId":2,"child":[{"type":"Box","props":{"width":1920,"var":"bg_wrap","height":750,"centerY":0,"centerX":0},"compId":10,"child":[{"type":"Image","props":{"var":"bg","skin":"image/game/normal_bg/bg1.jpg","centerY":0,"centerX":0},"compId":9},{"type":"SkeletonPlayer","props":{"y":376,"x":960,"var":"bubble_ani","url":"image/game/bg_normal1.sk","runtime":"Laya.Skeleton"},"compId":7},{"type":"SkeletonPlayer","props":{"y":375,"x":960,"url":"image/game/wave.sk","scaleY":4,"scaleX":4,"runtime":"Laya.Skeleton"},"compId":8}]},{"type":"Box","props":{"y":0,"x":0,"width":1920,"var":"pool","mouseThrough":false,"mouseEnabled":true,"height":750,"centerY":0,"centerX":0},"compId":3},{"type":"SkeletonPlayer","props":{"y":393,"x":960,"width":100,"visible":false,"var":"bubble_wall","url":"ani/other/bubble.sk","height":100,"alpha":0.5,"runtime":"Laya.Skeleton"},"compId":43},{"type":"Box","props":{"y":0,"x":0,"width":1920,"var":"ani_wrap","height":750,"centerY":0,"centerX":0},"compId":36},{"type":"skillBox","props":{"y":750,"x":960,"width":413,"var":"skill_box","height":102,"centerX":0,"bottom":0,"anchorY":1,"anchorX":0.5,"runtime":"ui.scenes.game.skillBoxUI"},"compId":32},{"type":"Box","props":{"y":0,"width":1334,"var":"ctrl_box","mouseThrough":true,"mouseEnabled":true,"height":750,"centerX":0},"compId":11,"child":[{"type":"Button","props":{"y":53,"x":60,"var":"btn_leave","stateNum":1,"skin":"image/game/btn_quit.png","anchorY":0.5,"anchorX":0.5},"compId":12},{"type":"Button","props":{"y":53,"x":160,"var":"btn_gift","stateNum":1,"skin":"image/game/btn_gift.png","anchorY":0.5,"anchorX":0.5},"compId":14},{"type":"Button","props":{"y":53,"x":1174,"var":"btn_voice","stateNum":1,"skin":"image/game/btn_music.png","right":120,"anchorY":0.5,"anchorX":0.5},"compId":15},{"type":"Button","props":{"y":53,"x":1274,"var":"btn_help","stateNum":1,"skin":"image/game/btn_help.png","right":20,"anchorY":0.5,"anchorX":0.5},"compId":16},{"type":"Button","props":{"y":53,"x":667,"var":"btn_shop","stateNum":1,"skin":"image/game/btn_shop.png","centerX":0,"anchorY":0.5,"anchorX":0.5},"compId":42},{"type":"Box","props":{"x":18,"width":268,"var":"bullet_box","pivotY":92,"height":92,"bottom":-4},"compId":41,"child":[{"type":"Image","props":{"y":0,"x":131,"width":302,"var":"bullet_box_bg","skin":"image/game/account_bg.png","sizeGrid":"0,91,0,17","pivotX":139,"height":92},"compId":26},{"type":"Image","props":{"y":45,"x":16,"width":235,"skin":"image/game/account_bd_bg.png","sizeGrid":"0,17,0,17","rotation":0,"height":39},"compId":28,"child":[{"type":"Label","props":{"y":8,"x":10,"width":217,"var":"bullet_num","valign":"middle","text":"剩余子弹:","height":20,"fontSize":20,"font":"Arial","color":"#fdf7d3","align":"center"},"compId":29}]},{"type":"HTMLDivElement","props":{"y":13,"x":-122,"width":176,"var":"exchange_rate","innerHTML":"<div style=\"width: 500px;height: 32px;line-height:32px;font-size: 20px;color:#fff;align:center;\"><span>1</span> = <span color=\"#ffdd76\">123123123131usdt</span> <span></span> </div>","height":29,"runtime":"Laya.HTMLDivElement"},"compId":31}]}]},{"type":"Box","props":{"y":0,"x":0,"width":1920,"var":"gun_wrap","mouseThrough":true,"mouseEnabled":true,"height":750,"centerY":0,"centerX":0},"compId":37},{"type":"Box","props":{"y":0,"x":0,"width":1920,"var":"ani_overlay","height":750,"centerY":0,"centerX":0},"compId":45},{"type":"SkeletonPlayer","props":{"y":393,"x":893,"visible":false,"var":"bubble_overlay","url":"ani/other/bubble_overlay.sk","runtime":"Laya.Skeleton"},"compId":44}],"loadList":["image/game/normal_bg/bg1.jpg","image/game/bg_normal1.sk","image/game/wave.sk","ani/other/bubble.sk","scenes/game/skillBox.scene","image/game/btn_quit.png","image/game/btn_gift.png","image/game/btn_music.png","image/game/btn_help.png","image/game/btn_shop.png","image/game/account_bg.png","image/game/account_bd_bg.png","ani/other/bubble_overlay.sk"],"loadList3D":[]}