{"type":"View","props":{"width":98,"height":97},"compId":2,"child":[{"type":"Image","props":{"y":0,"x":0,"var":"bg","skin":"image/pop/help/fish_item_bg.png"},"compId":4},{"type":"Image","props":{"var":"icon","skin":"image/pop/help/fish10.png","centerY":0,"centerX":0},"compId":6},{"type":"Label","props":{"y":69,"x":6,"width":86,"var":"num_label","text":"label","strokeColor":"#002b53","stroke":1,"height":21,"fontSize":21,"color":"#fff","align":"right"},"compId":7}],"loadList":["image/pop/help/fish_item_bg.png","image/pop/help/fish10.png"],"loadList3D":[]}