{"type":"View","props":{"width":925,"mouseThrough":false,"mouseEnabled":true,"height":96},"compId":2,"child":[{"type":"Box","props":{"y":7,"x":8,"width":85,"var":"item_box","height":81},"compId":10,"child":[{"type":"Sprite","props":{"y":41,"x":39,"width":94,"texture":"image/game/skill_bg.png","pivotY":48,"pivotX":47,"height":96},"compId":3},{"type":"Image","props":{"width":80,"var":"skill_icon","skin":"image/game/skill_aim.png","height":80},"compId":7}]},{"type":"Label","props":{"y":18,"x":104,"wordWrap":true,"width":792,"var":"intro_label","text":"冰冻：主动技能，可以通过打死某种鱼获得，也可以购买，使用后冻结当前屏幕内的大 部分鱼","leading":10,"height":50,"fontSize":21,"color":"#f6eae4"},"compId":9}],"loadList":["image/game/skill_bg.png","image/game/skill_aim.png"],"loadList3D":[]}