{"type":"Dialog","props":{"width":1334,"runtime":"ctrl/guide/guideDialog.ts","mouseThrough":true,"mouseEnabled":true,"isModal":false,"height":750},"compId":2,"child":[{"type":"Box","props":{"y":0,"x":0,"width":1334,"var":"mask_wrap","mouseThrough":true,"mouseEnabled":true,"height":750},"compId":6},{"type":"GuidePrompt","props":{"y":498,"x":55,"var":"prompt_ui","runtime":"ui.pop.guide.GuidePromptUI"},"compId":7},{"type":"GuidePointer","props":{"y":375,"x":905,"visible":false,"var":"pointer_ui","runtime":"ui.pop.guide.GuidePointerUI"},"compId":8},{"type":"Box","props":{"y":0,"x":0,"width":1334,"var":"inner","mouseThrough":true,"mouseEnabled":true,"height":750,"centerX":0},"compId":10,"child":[{"type":"Button","props":{"y":54,"width":142,"var":"btn_skip","stateNum":1,"skin":"image/pop/guide/btn_skip.png","right":21,"height":68,"anchorY":0.5,"anchorX":0.5},"compId":9,"child":[{"type":"Label","props":{"width":123,"var":"skip_label","text":"跳过","height":25,"fontSize":25,"font":"Arial","color":"#183272","centerY":-6,"centerX":-2,"bold":true,"align":"center"},"compId":15}]},{"type":"Button","props":{"y":544,"visible":false,"var":"btn_start","stateNum":1,"skin":"image/pop/guide/btn_start.png","right":3},"compId":11,"child":[{"type":"Label","props":{"y":59,"var":"start_label","text":"开始游戏","fontSize":33,"color":"#9f471f","centerX":-20,"bold":true},"compId":12}]},{"type":"Button","props":{"y":620,"width":125,"visible":false,"var":"btn_next","stateNum":1,"skin":"image/pop/guide/btn_next.png","right":18,"pivotY":34,"pivotX":63,"height":68},"compId":14}]}],"loadList":["pop/guide/GuidePrompt.scene","pop/guide/GuidePointer.scene","image/pop/guide/btn_skip.png","image/pop/guide/btn_start.png","image/pop/guide/btn_next.png"],"loadList3D":[]}