{"frames":{"auto_cancel_en.png":{"frame":{"h":18,"idx":0,"w":57,"x":125,"y":70},"sourceSize":{"h":18,"w":57},"spriteSourceSize":{"x":0,"y":0}},"auto_cancel_hk.png":{"frame":{"h":21,"idx":0,"w":39,"x":300,"y":209},"sourceSize":{"h":21,"w":39},"spriteSourceSize":{"x":0,"y":0}},"auto_cancel_jp.png":{"frame":{"h":20,"idx":0,"w":81,"x":0,"y":229},"sourceSize":{"h":20,"w":81},"spriteSourceSize":{"x":0,"y":0}},"auto_cancel_kor.png":{"frame":{"h":21,"idx":0,"w":38,"x":314,"y":117},"sourceSize":{"h":21,"w":38},"spriteSourceSize":{"x":0,"y":0}},"auto_cancel_zh.png":{"frame":{"h":22,"idx":0,"w":40,"x":307,"y":71},"sourceSize":{"h":22,"w":40},"spriteSourceSize":{"x":0,"y":0}},"auto_en.png":{"frame":{"h":18,"idx":0,"w":75,"x":133,"y":228},"sourceSize":{"h":18,"w":75},"spriteSourceSize":{"x":0,"y":0}},"auto_hk.png":{"frame":{"h":21,"idx":0,"w":71,"x":240,"y":138},"sourceSize":{"h":21,"w":71},"spriteSourceSize":{"x":0,"y":0}},"auto_jp.png":{"frame":{"h":21,"idx":0,"w":73,"x":240,"y":116},"sourceSize":{"h":21,"w":73},"spriteSourceSize":{"x":0,"y":0}},"auto_kor.png":{"frame":{"h":21,"idx":0,"w":73,"x":240,"y":94},"sourceSize":{"h":21,"w":73},"spriteSourceSize":{"x":0,"y":0}},"auto_zh.png":{"frame":{"h":22,"idx":0,"w":38,"x":314,"y":94},"sourceSize":{"h":22,"w":38},"spriteSourceSize":{"x":0,"y":0}},"charge_en.png":{"frame":{"h":16,"idx":0,"w":61,"x":254,"y":233},"sourceSize":{"h":16,"w":61},"spriteSourceSize":{"x":0,"y":0}},"charge_hk.png":{"frame":{"h":25,"idx":0,"w":45,"x":307,"y":45},"sourceSize":{"h":25,"w":45},"spriteSourceSize":{"x":0,"y":0}},"charge_jp.png":{"frame":{"h":27,"idx":0,"w":50,"x":82,"y":229},"sourceSize":{"h":27,"w":50},"spriteSourceSize":{"x":0,"y":0}},"charge_kor.png":{"frame":{"h":23,"idx":0,"w":44,"x":284,"y":185},"sourceSize":{"h":23,"w":44},"spriteSourceSize":{"x":0,"y":0}},"charge_zh.png":{"frame":{"h":24,"idx":0,"w":44,"x":209,"y":228},"sourceSize":{"h":24,"w":44},"spriteSourceSize":{"x":0,"y":0}},"title_shop_en.png":{"frame":{"h":39,"idx":0,"w":105,"x":123,"y":143},"sourceSize":{"h":39,"w":105},"spriteSourceSize":{"x":0,"y":0}},"title_shop_hk.png":{"frame":{"h":51,"idx":0,"w":122,"x":0,"y":124},"sourceSize":{"h":51,"w":122},"spriteSourceSize":{"x":0,"y":0}},"title_shop_jp.png":{"frame":{"h":44,"idx":0,"w":148,"x":199,"y":0},"sourceSize":{"h":44,"w":148},"spriteSourceSize":{"x":0,"y":0}},"title_shop_kor.png":{"frame":{"h":44,"idx":0,"w":92,"x":116,"y":183},"sourceSize":{"h":44,"w":92},"spriteSourceSize":{"x":0,"y":0}},"title_shop_zh.png":{"frame":{"h":48,"idx":0,"w":117,"x":189,"y":45},"sourceSize":{"h":48,"w":117},"spriteSourceSize":{"x":0,"y":0}},"txt_lottery_en.png":{"frame":{"h":31,"idx":0,"w":188,"x":0,"y":38},"sourceSize":{"h":33,"w":206},"spriteSourceSize":{"x":10,"y":0}},"txt_lottery_hk.png":{"frame":{"h":53,"idx":0,"w":124,"x":0,"y":70},"sourceSize":{"h":53,"w":124},"spriteSourceSize":{"x":0,"y":0}},"txt_lottery_jp.png":{"frame":{"h":52,"idx":0,"w":115,"x":0,"y":176},"sourceSize":{"h":52,"w":115},"spriteSourceSize":{"x":0,"y":0}},"txt_lottery_kor.png":{"frame":{"h":37,"idx":0,"w":198,"x":0,"y":0},"sourceSize":{"h":37,"w":198},"spriteSourceSize":{"x":0,"y":0}},"txt_lottery_zh.png":{"frame":{"h":48,"idx":0,"w":114,"x":125,"y":94},"sourceSize":{"h":48,"w":114},"spriteSourceSize":{"x":0,"y":0}},"withdraw_en.png":{"frame":{"h":15,"idx":0,"w":74,"x":209,"y":187},"sourceSize":{"h":15,"w":74},"spriteSourceSize":{"x":0,"y":0}},"withdraw_hk.png":{"frame":{"h":24,"idx":0,"w":45,"x":209,"y":203},"sourceSize":{"h":24,"w":45},"spriteSourceSize":{"x":0,"y":0}},"withdraw_jp.png":{"frame":{"h":26,"idx":0,"w":50,"x":229,"y":160},"sourceSize":{"h":26,"w":50},"spriteSourceSize":{"x":0,"y":0}},"withdraw_kor.png":{"frame":{"h":23,"idx":0,"w":44,"x":255,"y":209},"sourceSize":{"h":23,"w":44},"spriteSourceSize":{"x":0,"y":0}},"withdraw_zh.png":{"frame":{"h":24,"idx":0,"w":43,"x":280,"y":160},"sourceSize":{"h":24,"w":43},"spriteSourceSize":{"x":0,"y":0}}},"meta":{"image":"international.png","prefix":"image/international/"}}