{"frames":{"alert_bg_02.png":{"frame":{"h":369,"idx":0,"w":91,"x":0,"y":0},"sourceSize":{"h":369,"w":91},"spriteSourceSize":{"x":0,"y":0}},"alert_con_bg.png":{"frame":{"h":55,"idx":0,"w":79,"x":188,"y":226},"sourceSize":{"h":55,"w":79},"spriteSourceSize":{"x":0,"y":0}},"bg_pop_tip.png":{"frame":{"h":68,"idx":0,"w":95,"x":92,"y":226},"sourceSize":{"h":68,"w":95},"spriteSourceSize":{"x":0,"y":0}},"bg_pop_tip_bottom.png":{"frame":{"h":36,"idx":0,"w":95,"x":188,"y":282},"sourceSize":{"h":36,"w":95},"spriteSourceSize":{"x":0,"y":0}},"btn_add.png":{"frame":{"h":48,"idx":0,"w":43,"x":327,"y":336},"sourceSize":{"h":48,"w":43},"spriteSourceSize":{"x":0,"y":0}},"btn_cancel.png":{"frame":{"h":69,"idx":0,"w":166,"x":208,"y":0},"sourceSize":{"h":69,"w":166},"spriteSourceSize":{"x":0,"y":0}},"btn_circle.png":{"frame":{"h":58,"idx":0,"w":54,"x":284,"y":226},"sourceSize":{"h":58,"w":54},"spriteSourceSize":{"x":0,"y":0}},"btn_close.png":{"frame":{"h":60,"idx":0,"w":55,"x":92,"y":295},"sourceSize":{"h":60,"w":55},"spriteSourceSize":{"x":0,"y":0}},"btn_confirm.png":{"frame":{"h":69,"idx":0,"w":166,"x":92,"y":115},"sourceSize":{"h":69,"w":166},"spriteSourceSize":{"x":0,"y":0}},"btn_minus.png":{"frame":{"h":48,"idx":0,"w":43,"x":339,"y":226},"sourceSize":{"h":48,"w":43},"spriteSourceSize":{"x":0,"y":0}},"bullet_bg.png":{"frame":{"h":114,"idx":0,"w":115,"x":92,"y":0},"sourceSize":{"h":114,"w":115},"spriteSourceSize":{"x":0,"y":0}},"buy_bullet_input_bg.png":{"frame":{"h":40,"idx":0,"w":249,"x":92,"y":185},"sourceSize":{"h":40,"w":249},"spriteSourceSize":{"x":0,"y":0}},"icon_bullet.png":{"frame":{"h":98,"idx":0,"w":84,"x":259,"y":70},"sourceSize":{"h":98,"w":84},"spriteSourceSize":{"x":0,"y":0}},"icon_music.png":{"frame":{"h":50,"idx":0,"w":44,"x":327,"y":285},"sourceSize":{"h":50,"w":44},"spriteSourceSize":{"x":0,"y":0}},"icon_voice.png":{"frame":{"h":60,"idx":0,"w":42,"x":284,"y":285},"sourceSize":{"h":60,"w":42},"spriteSourceSize":{"x":0,"y":0}},"progress_voice$bar.png":{"frame":{"h":13,"idx":0,"w":23,"x":208,"y":70},"sourceSize":{"h":13,"w":23},"spriteSourceSize":{"x":0,"y":0}},"progress_voice.png":{"frame":{"h":13,"idx":0,"w":22,"x":208,"y":84},"sourceSize":{"h":13,"w":22},"spriteSourceSize":{"x":0,"y":0}},"split_line.png":{"frame":{"h":3,"idx":0,"w":229,"x":92,"y":356},"sourceSize":{"h":3,"w":229},"spriteSourceSize":{"x":0,"y":0}}},"meta":{"image":"alert.png","prefix":"image/pop/alert/"}}