{"type":"Dialog","props":{"width":825,"runtime":"view/pop/arenaGift.ts","isModal":true,"height":550},"compId":2,"child":[{"type":"SkeletonPlayer","props":{"y":102,"x":397,"url":"image/pop/lottery/exchange_item_light.sk","runtime":"Laya.Skeleton"},"compId":16},{"type":"Box","props":{"y":87,"x":8},"compId":15,"child":[{"type":"Sprite","props":{"y":44,"texture":"image/pop/arenaGift/bg.png"},"compId":14},{"type":"Sprite","props":{"x":85,"texture":"image/pop/arenaGift/banner.png"},"compId":3},{"type":"Button","props":{"y":33,"x":742,"stateNum":1,"skin":"image/pop/arenaGift/icon-close.png","name":"close"},"compId":4}]},{"type":"Button","props":{"y":396,"x":415,"width":161,"var":"btn","stateNum":1,"skin":"image/pop/arenaGift/btn.png","sizeGrid":"0,67,0,61","height":59,"anchorY":0.4,"anchorX":0.5},"compId":5,"child":[{"type":"Label","props":{"y":13,"var":"btn_label","text":"5USDT","fontSize":24,"color":"#904516","centerX":-2},"compId":17}]},{"type":"Label","props":{"y":102,"x":234,"width":357,"var":"title","valign":"middle","text":"竞技礼包","strokeColor":"#962a1a","stroke":3,"height":35,"fontSize":35,"color":"#ffffbb","align":"center"},"compId":7},{"type":"List","props":{"y":202,"var":"list","spaceX":95,"repeatY":1,"repeatX":2,"centerX":0,"anchorX":0.5},"compId":13,"child":[{"type":"itemView","props":{"renderType":"render","runtime":"ui.pop.arenaGift.itemViewUI"},"compId":12}]}],"loadList":["image/pop/lottery/exchange_item_light.sk","image/pop/arenaGift/bg.png","image/pop/arenaGift/banner.png","image/pop/arenaGift/icon-close.png","image/pop/arenaGift/btn.png","pop/arenaGift/itemView.scene"],"loadList3D":[]}