{"type":"Dialog","props":{"width":1061,"runtime":"view/pop/arenaHelp.ts","isModal":true,"height":634},"compId":2,"child":[{"type":"Box","props":{"y":0,"x":0},"compId":3,"child":[{"type":"Sprite","props":{"y":0,"x":0,"texture":"image/pop/arenaRank/bgTop.png"},"compId":6},{"type":"Image","props":{"y":138,"x":7,"width":1054,"skin":"image/pop/arenaRank/bgBottom.png","sizeGrid":"0,77,0,58","height":496},"compId":8},{"type":"Label","props":{"y":16,"x":153,"width":754,"var":"title","valign":"middle","text":"大奖赛规则","strokeColor":"#024b7d","stroke":3,"height":76,"fontSize":43,"color":"#ffffff","align":"center"},"compId":9},{"type":"Image","props":{"y":93,"x":41,"width":959,"skin":"image/pop/arenaRank/bgInner1.png","sizeGrid":"35,20,36,14","height":510},"compId":10},{"type":"Image","props":{"y":172,"x":61,"width":920,"skin":"image/pop/arenaRank/bgInner2.png","sizeGrid":"15,16,33,25","height":414},"compId":11},{"type":"Button","props":{"y":11,"x":951,"stateNum":1,"skin":"image/pop/arenaRank/icon-close.png","name":"close"},"compId":7}]},{"type":"Tab","props":{"y":109,"x":86,"var":"tab","selectedIndex":0},"compId":5,"child":[{"type":"Button","props":{"var":"tab0","stateNum":2,"skin":"image/pop/arenaRank/btnClip.png","name":"item0","labelSize":20,"labelPadding":"0,2,3,0","labelColors":"#fff,#183272","label":"参赛规则"},"compId":17},{"type":"Button","props":{"x":145,"var":"tab1","stateNum":2,"skin":"image/pop/arenaRank/btnClip.png","name":"item1","labelSize":20,"labelPadding":"0,2,3,0","labelColors":"#fff,#183272","label":"比赛规则"},"compId":18},{"type":"Button","props":{"y":0,"x":291,"var":"tab2","stateNum":2,"skin":"image/pop/arenaRank/btnClip.png","name":"item2","labelSize":20,"labelPadding":"0,2,3,0","labelColors":"#fff,#183272","label":"奖励规则"},"compId":19},{"type":"Button","props":{"y":0,"x":436,"var":"tab3","stateNum":2,"skin":"image/pop/arenaRank/btnClip.png","name":"item3","labelSize":20,"labelPadding":"0,2,3,0","labelColors":"#fff,#183272","label":"积分加成"},"compId":20}]},{"type":"ViewStack","props":{"y":183,"x":72,"width":903,"var":"tabBody","selectedIndex":0,"height":393},"compId":21,"child":[{"type":"VBox","props":{"top":0,"space":20,"right":0,"name":"item0","left":0,"bottom":0,"align":"left"},"compId":22,"child":[{"type":"Label","props":{"y":20,"wordWrap":true,"text":"a)捕鱼大奖赛，以活动形式指定时间段开放，每个时段结束前30分钟停止报名","right":0,"left":0,"leading":10,"fontSize":20,"color":"#fff"},"compId":23},{"type":"Label","props":{"y":119,"wordWrap":true,"text":"b)大奖赛每次开放均可获赠1次免费挑战的次数（游客玩家和正式账号获得一次），免费挑战次数不累积","right":0,"left":0,"leading":10,"fontSize":20,"color":"#fff"},"compId":24},{"type":"Label","props":{"y":216,"wordWrap":true,"text":"重复挑战需要报名消耗货币，消耗的货币数量每次都一样","right":0,"left":0,"leading":10,"fontSize":20,"color":"#fff"},"compId":25}]},{"type":"VBox","props":{"top":0,"space":20,"right":0,"name":"item1","left":0,"bottom":0,"align":"left"},"compId":30,"child":[{"type":"Label","props":{"y":20,"wordWrap":true,"text":"报名成功后，每个玩家可以射击1200发子弹(购买竞技礼包每场可额外多使用200发子弹)，击杀鱼后可以获得鱼倍率对应的积分，1倍=1 积分。","right":0,"left":0,"leading":10,"fontSize":20,"color":"#fff"},"compId":31},{"type":"Label","props":{"y":119,"wordWrap":true,"text":"b)大奖赛中炮台倍率越高，击杀鱼的概率也相应增加","right":0,"left":0,"leading":10,"fontSize":20,"color":"#fff"},"compId":32},{"type":"Label","props":{"y":216,"wordWrap":true,"text":"c)玩家开炮后，若剩余子弹为500倍数，触发悬赏任务，完成可获得额外积分奖励","right":0,"left":0,"leading":10,"fontSize":20,"color":"#fff"},"compId":33},{"type":"Label","props":{"y":299,"wordWrap":true,"text":"d)所有子弹打完后，本次挑战结束。最终积分可以参与排名(注意:子弹未打完的成绩不参与排名)","right":0,"left":0,"leading":10,"fontSize":20,"color":"#fff"},"compId":47}]},{"type":"VBox","props":{"y":0,"space":20,"right":0,"name":"item2","left":0,"height":404,"align":"left"},"compId":38,"child":[{"type":"Label","props":{"y":20,"wordWrap":true,"text":"a)每日取单次最高积分进入排名(至少需要2000分才可参与排名)","right":0,"left":0,"leading":10,"fontSize":20,"color":"#fff"},"compId":39},{"type":"Label","props":{"y":119,"wordWrap":true,"text":"b)积分相同的情况下，先达到的玩家排名在前","right":0,"left":0,"leading":10,"fontSize":20,"color":"#fff"},"compId":40},{"type":"Label","props":{"y":216,"wordWrap":true,"text":"c)日排行奖励发放时间为每日23:35，最终排名以23:30之后为准。( 注意: 23:00之前的排名奖励仅作预览，不是实际发放奖励)","right":0,"left":0,"leading":10,"fontSize":20,"color":"#fff"},"compId":41},{"type":"Label","props":{"y":299,"wordWrap":true,"text":"d) 总冠军奖励发放时间为每次活动结束后第二天0:05，单次积分最高的玩家为总冠军，获得额外的大奖","right":0,"left":0,"leading":10,"fontSize":20,"color":"#fff"},"compId":48},{"type":"Label","props":{"y":344,"wordWrap":true,"text":"e) 比赛的奖励直接发放到账号上，玩家可以在大厅界面查看大奖赛奖励发放记录","right":0,"left":0,"leading":10,"fontSize":20,"color":"#fff"},"compId":49}]},{"type":"VBox","props":{"y":0,"space":20,"right":0,"name":"item3","left":0,"height":404,"align":"left"},"compId":42,"child":[{"type":"Label","props":{"y":20,"wordWrap":true,"text":"a) 炮台加成 使用不同炮台皮肤，比赛中命中率加成不一样，不累加命中","right":0,"left":0,"leading":10,"fontSize":20,"color":"#fff"},"compId":43},{"type":"Label","props":{"y":61,"wordWrap":true,"text":"炮台皮肤      命中加成 \\n 皮肤1           0%\\n 皮肤2           0.5%\\n 皮肤3           1%\\n 皮肤4           1.5%\\n 皮肤5           2%\\n","right":0,"left":0,"leading":10,"fontSize":20,"color":"#fff"},"compId":51}]}]}],"loadList":["image/pop/arenaRank/bgTop.png","image/pop/arenaRank/bgBottom.png","image/pop/arenaRank/bgInner1.png","image/pop/arenaRank/bgInner2.png","image/pop/arenaRank/icon-close.png","image/pop/arenaRank/btnClip.png"],"loadList3D":[]}