{"frames":{"btn_gift.png":{"frame":{"h":87,"idx":0,"w":80,"x":351,"y":88},"sourceSize":{"h":87,"w":80},"spriteSourceSize":{"x":0,"y":0}},"btn_help.png":{"frame":{"h":87,"idx":0,"w":80,"x":351,"y":0},"sourceSize":{"h":87,"w":80},"spriteSourceSize":{"x":0,"y":0}},"btn_match.png":{"frame":{"h":84,"idx":0,"w":80,"x":301,"y":352},"sourceSize":{"h":84,"w":80},"spriteSourceSize":{"x":0,"y":0}},"btn_music.png":{"frame":{"h":87,"idx":0,"w":80,"x":329,"y":264},"sourceSize":{"h":87,"w":80},"spriteSourceSize":{"x":0,"y":0}},"btn_shop.png":{"frame":{"h":87,"idx":0,"w":80,"x":331,"y":176},"sourceSize":{"h":87,"w":80},"spriteSourceSize":{"x":0,"y":0}},"bullet_box_bg.png":{"frame":{"h":99,"idx":0,"w":330,"x":0,"y":133},"sourceSize":{"h":99,"w":330},"spriteSourceSize":{"x":0,"y":0}},"bullet_num_bg.png":{"frame":{"h":40,"idx":0,"w":300,"x":0,"y":329},"sourceSize":{"h":40,"w":300},"spriteSourceSize":{"x":0,"y":0}},"other_bullet_box_bg.png":{"frame":{"h":95,"idx":0,"w":328,"x":0,"y":233},"sourceSize":{"h":95,"w":328},"spriteSourceSize":{"x":0,"y":0}},"other_bullet_num_bg.png":{"frame":{"h":37,"idx":0,"w":300,"x":0,"y":370},"sourceSize":{"h":37,"w":300},"spriteSourceSize":{"x":0,"y":0}},"task_num_bg.png":{"frame":{"h":31,"idx":0,"w":189,"x":0,"y":408},"sourceSize":{"h":31,"w":189},"spriteSourceSize":{"x":0,"y":0}},"task_panel_bg.png":{"frame":{"h":132,"idx":0,"w":350,"x":0,"y":0},"sourceSize":{"h":132,"w":350},"spriteSourceSize":{"x":0,"y":0}}},"meta":{"image":"arena.png","prefix":"image/arena/"}}