{"frames":{"account_bd_bg.png":{"frame":{"h":39,"idx":0,"w":40,"x":665,"y":641},"sourceSize":{"h":39,"w":40},"spriteSourceSize":{"x":0,"y":0}},"account_bg.png":{"frame":{"h":92,"idx":0,"w":286,"x":414,"y":494},"sourceSize":{"h":92,"w":286},"spriteSourceSize":{"x":0,"y":0}},"aim_point.png":{"frame":{"h":19,"idx":0,"w":19,"x":675,"y":468},"sourceSize":{"h":19,"w":19},"spriteSourceSize":{"x":0,"y":0}},"bg_normal1.png":{"frame":{"h":493,"idx":0,"w":297,"x":0,"y":0},"sourceSize":{"h":512,"w":512},"spriteSourceSize":{"x":1,"y":1}},"bg_normal3.png":{"frame":{"h":493,"idx":0,"w":297,"x":298,"y":0},"sourceSize":{"h":512,"w":512},"spriteSourceSize":{"x":1,"y":1}},"btn_add.png":{"frame":{"h":53,"idx":0,"w":48,"x":338,"y":597},"sourceSize":{"h":53,"w":48},"spriteSourceSize":{"x":0,"y":0}},"btn_gift.png":{"frame":{"h":87,"idx":0,"w":80,"x":176,"y":597},"sourceSize":{"h":87,"w":80},"spriteSourceSize":{"x":0,"y":0}},"btn_help.png":{"frame":{"h":87,"idx":0,"w":80,"x":95,"y":597},"sourceSize":{"h":87,"w":80},"spriteSourceSize":{"x":0,"y":0}},"btn_minus.png":{"frame":{"h":53,"idx":0,"w":48,"x":665,"y":587},"sourceSize":{"h":53,"w":48},"spriteSourceSize":{"x":0,"y":0}},"btn_music.png":{"frame":{"h":87,"idx":0,"w":80,"x":257,"y":597},"sourceSize":{"h":87,"w":80},"spriteSourceSize":{"x":0,"y":0}},"btn_quit.png":{"frame":{"h":87,"idx":0,"w":80,"x":596,"y":88},"sourceSize":{"h":87,"w":80},"spriteSourceSize":{"x":0,"y":0}},"btn_shop.png":{"frame":{"h":87,"idx":0,"w":80,"x":596,"y":0},"sourceSize":{"h":87,"w":80},"spriteSourceSize":{"x":0,"y":0}},"energy_bg.png":{"frame":{"h":21,"idx":0,"w":155,"x":338,"y":683},"sourceSize":{"h":22,"w":158},"spriteSourceSize":{"x":1,"y":1}},"energy_progress.png":{"frame":{"h":21,"idx":0,"w":155,"x":494,"y":684},"sourceSize":{"h":22,"w":158},"spriteSourceSize":{"x":1,"y":1}},"shadow.png":{"frame":{"h":95,"idx":0,"w":155,"x":414,"y":587},"sourceSize":{"h":101,"w":166},"spriteSourceSize":{"x":5,"y":3}},"skill_aim.png":{"frame":{"h":80,"idx":0,"w":80,"x":596,"y":257},"sourceSize":{"h":80,"w":80},"spriteSourceSize":{"x":0,"y":0}},"skill_auto.png":{"frame":{"h":96,"idx":0,"w":94,"x":0,"y":597},"sourceSize":{"h":96,"w":94},"spriteSourceSize":{"x":0,"y":0}},"skill_bg.png":{"frame":{"h":96,"idx":0,"w":94,"x":570,"y":587},"sourceSize":{"h":96,"w":94},"spriteSourceSize":{"x":0,"y":0}},"skill_bomb.png":{"frame":{"h":80,"idx":0,"w":80,"x":596,"y":338},"sourceSize":{"h":80,"w":80},"spriteSourceSize":{"x":0,"y":0}},"skill_box_bg.png":{"frame":{"h":102,"idx":0,"w":413,"x":0,"y":494},"sourceSize":{"h":102,"w":413},"spriteSourceSize":{"x":0,"y":0}},"skill_freeze.png":{"frame":{"h":80,"idx":0,"w":80,"x":596,"y":176},"sourceSize":{"h":80,"w":80},"spriteSourceSize":{"x":0,"y":0}},"skill_overlay.png":{"frame":{"h":63,"idx":0,"w":78,"x":596,"y":419},"sourceSize":{"h":63,"w":78},"spriteSourceSize":{"x":0,"y":0}},"time_bg.png":{"frame":{"h":48,"idx":0,"w":45,"x":675,"y":419},"sourceSize":{"h":48,"w":45},"spriteSourceSize":{"x":0,"y":0}}},"meta":{"image":"game.png","prefix":"image/game/"}}