{"type":"Dialog","props":{"width":1045,"runtime":"view/pop/shop.ts","height":460},"compId":2,"child":[{"type":"Box","props":{"y":-2,"x":-1,"var":"bg"},"compId":13,"child":[{"type":"Image","props":{"y":77,"x":26,"width":990,"skin":"image/pop/shop/bg.png","sizeGrid":"0,42,0,42","height":369},"compId":4},{"type":"Sprite","props":{"y":20,"x":0,"texture":"image/pop/shop/top_bg.png"},"compId":5},{"type":"Sprite","props":{"x":379,"texture":"image/pop/shop/title_bg.png"},"compId":6},{"type":"Sprite","props":{"y":401,"x":964,"texture":"image/pop/shop/star.png"},"compId":9},{"type":"Image","props":{"y":21,"var":"title","skin":"image/international/title_shop_zh.png","centerX":0},"compId":37},{"type":"SkeletonPlayer","props":{"y":358,"x":518.5,"url":"image/pop/shop/shop_bulb.sk","runtime":"Laya.Skeleton"},"compId":44}]},{"type":"Button","props":{"y":20,"x":937,"stateNum":1,"skin":"image/pop/shop/btn_close.png","name":"close"},"compId":8},{"type":"Box","props":{"y":161,"x":48},"compId":49,"child":[{"type":"Image","props":{"width":945,"skin":"image/pop/shop/item_panel_bg.png","sizeGrid":"20,20,20,20","height":246},"compId":50},{"type":"List","props":{"y":0,"x":0,"width":943,"var":"gun_list","spaceX":7,"repeatY":1,"repeatX":5,"height":243},"compId":51,"child":[{"type":"arenaShopGunItem","props":{"y":10,"x":15,"renderType":"render","runtime":"ui.pop.shop.arenaShopGunItemUI"},"compId":57}]},{"type":"Sprite","props":{"texture":"image/pop/shop/tag_skin.png"},"compId":53,"child":[{"type":"Label","props":{"y":41,"x":-2,"width":57,"var":"skin_tag","text":"皮肤","strokeColor":"#751b19","stroke":1,"rotation":-48,"height":12,"fontSize":16,"font":"Arial","color":"#fffeaa","bold":true,"align":"center"},"compId":54}]}]}],"loadList":["image/pop/shop/bg.png","image/pop/shop/top_bg.png","image/pop/shop/title_bg.png","image/pop/shop/star.png","image/international/title_shop_zh.png","image/pop/shop/shop_bulb.sk","image/pop/shop/btn_close.png","image/pop/shop/item_panel_bg.png","pop/shop/arenaShopGunItem.scene","image/pop/shop/tag_skin.png"],"loadList3D":[]}