{"type":"Dialog","props":{"width":1045,"runtime":"view/pop/shop.ts","height":710},"compId":2,"child":[{"type":"Box","props":{"y":-2,"x":-1,"var":"bg"},"compId":13,"child":[{"type":"Image","props":{"y":77,"x":26,"width":990,"skin":"image/pop/shop/bg.png","sizeGrid":"0,42,0,42","height":629},"compId":4},{"type":"Sprite","props":{"y":20,"x":0,"texture":"image/pop/shop/top_bg.png"},"compId":5},{"type":"Sprite","props":{"x":379,"texture":"image/pop/shop/title_bg.png"},"compId":6},{"type":"Sprite","props":{"y":654,"x":969,"texture":"image/pop/shop/star.png"},"compId":9},{"type":"Image","props":{"y":21,"var":"title","skin":"image/international/title_shop_zh.png","centerX":0},"compId":37},{"type":"SkeletonPlayer","props":{"y":358,"x":518.5,"url":"image/pop/shop/shop_bulb.sk","runtime":"Laya.Skeleton"},"compId":44}]},{"type":"Button","props":{"y":20,"x":937,"stateNum":1,"skin":"image/pop/shop/btn_close.png","name":"close"},"compId":8},{"type":"Box","props":{"y":161,"x":44},"compId":15,"child":[{"type":"Image","props":{"width":945,"skin":"image/pop/shop/item_panel_bg.png","sizeGrid":"20,20,20,20","height":246},"compId":12},{"type":"List","props":{"y":0,"x":0,"width":943,"var":"gun_list","spaceX":7,"repeatY":1,"repeatX":5,"height":243},"compId":20,"child":[{"type":"shopGunItem","props":{"y":6,"x":18,"renderType":"render","name":"item","runtime":"ui.pop.shop.shopGunItemUI"},"compId":34}]},{"type":"Sprite","props":{"texture":"image/pop/shop/tag_skin.png"},"compId":14,"child":[{"type":"Label","props":{"y":41,"x":-2,"width":57,"var":"skin_tag","text":"皮肤","strokeColor":"#751b19","stroke":1,"rotation":-48,"height":12,"fontSize":16,"font":"Arial","color":"#fffeaa","bold":true,"align":"center"},"compId":47}]}]},{"type":"Box","props":{"y":418,"x":45},"compId":16,"child":[{"type":"Image","props":{"width":945,"skin":"image/pop/shop/item_panel_bg.png","sizeGrid":"20,20,20,20","height":246},"compId":17},{"type":"List","props":{"y":0,"x":0,"width":943,"var":"item_list","spaceX":7,"repeatY":1,"repeatX":5,"height":243},"compId":28,"child":[{"type":"shopItemItem","props":{"y":6,"x":18,"renderType":"render","name":"item","runtime":"ui.pop.shop.shopItemItemUI"},"compId":40}]},{"type":"Sprite","props":{"texture":"image/pop/shop/tag_item.png"},"compId":18,"child":[{"type":"Label","props":{"y":43,"x":-1,"width":60,"var":"item_tag","text":"道具","strokeColor":"#3a1686","stroke":1,"rotation":-48,"height":12,"fontSize":16,"font":"Arial","color":"#fffeaa","bold":true,"align":"center"},"compId":45}]}]}],"loadList":["image/pop/shop/bg.png","image/pop/shop/top_bg.png","image/pop/shop/title_bg.png","image/pop/shop/star.png","image/international/title_shop_zh.png","image/pop/shop/shop_bulb.sk","image/pop/shop/btn_close.png","image/pop/shop/item_panel_bg.png","pop/shop/shopGunItem.scene","image/pop/shop/tag_skin.png","pop/shop/shopItemItem.scene","image/pop/shop/tag_item.png"],"loadList3D":[]}