{"type":"Scene","props":{"width":177,"height":223},"compId":2,"child":[{"type":"Sprite","props":{"y":4,"x":0,"var":"bg","texture":"image/pop/shop/item_skill_box_bg.png"},"compId":4,"child":[{"type":"SkeletonPlayer","props":{"y":100,"x":77,"url":"image/pop/shop/shop_light.sk","runtime":"Laya.Skeleton"},"compId":16}]},{"type":"Sprite","props":{"y":20,"x":40,"texture":"image/pop/shop/item_bg.png"},"compId":5,"child":[{"type":"Image","props":{"y":4,"x":3,"width":88,"var":"icon","height":87},"compId":10},{"type":"Sprite","props":{"y":0,"x":-2,"texture":"image/pop/shop/item_bg_bd.png"},"compId":15},{"type":"Label","props":{"y":71,"x":40,"width":48,"var":"num_label","valign":"middle","text":"10","strokeColor":"#000","stroke":1,"height":19,"fontSize":20,"color":"#fff","align":"right"},"compId":11}]},{"type":"Label","props":{"y":122.5,"x":29,"width":119,"var":"name_label","valign":"middle","text":"默认","height":20,"fontSize":20,"color":"#7a594b","align":"center"},"compId":8},{"type":"Button","props":{"y":153.5,"x":17.5,"var":"btn_buy","stateNum":1,"skin":"image/pop/shop/btn_buy.png"},"compId":12,"child":[{"type":"Label","props":{"y":5,"x":53,"width":73,"var":"price_label","valign":"middle","text":"121211","height":41,"fontSize":18,"color":"#183272","align":"center"},"compId":13},{"type":"Sprite","props":{"y":3,"x":17,"width":36,"texture":"image/pop/alert/icon_bullet.png","height":42},"compId":14}]}],"loadList":["image/pop/shop/item_skill_box_bg.png","image/pop/shop/shop_light.sk","image/pop/shop/item_bg.png","image/pop/shop/item_bg_bd.png","image/pop/shop/btn_buy.png","image/pop/alert/icon_bullet.png"],"loadList3D":[]}