{"type":"View","props":{"width":250,"height":345},"compId":2,"child":[{"type":"Image","props":{"y":0,"x":0,"width":250,"skin":"image/pop/record/drop-bg.png","sizeGrid":"5,12,12,10","height":345},"compId":11},{"type":"Sprite","props":{"y":0,"x":56,"width":140,"texture":"image/hall/menu_top_light.png","height":58},"compId":3},{"type":"List","props":{"y":0,"x":0,"width":249,"var":"list","vScrollBarSkin":"image/hall/vscroll.png","selectEnable":true,"height":341},"compId":4,"child":[{"type":"Box","props":{"y":8,"x":0,"width":243,"renderType":"render","name":"item","height":48},"compId":5,"child":[{"type":"Label","props":{"y":1,"x":47,"width":156,"valign":"middle","text":"label","name":"coin_name","height":46,"fontSize":20,"color":"#fff392","align":"left"},"compId":7},{"type":"Image","props":{"y":9,"x":7,"width":30,"skin":"image/common/coin/BTC.png","name":"coin_icon","height":30},"compId":8},{"type":"Sprite","props":{"y":45,"x":3,"texture":"image/pop/record/drop-line.png"},"compId":9}]}]}],"loadList":["image/pop/record/drop-bg.png","image/hall/menu_top_light.png","image/hall/vscroll.png","image/common/coin/BTC.png","image/pop/record/drop-line.png"],"loadList3D":[]}