{"type":"Dialog","props":{"width":994,"runtime":"view/pop/record/itemRecord.ts","height":604},"compId":2,"child":[{"type":"Box","props":{"y":-15,"x":-24,"var":"bg"},"compId":9,"child":[{"type":"Sprite","props":{"y":0,"x":0,"texture":"image/pop/record/bg-top-1.png"},"compId":3},{"type":"Sprite","props":{"y":150,"x":0,"texture":"image/pop/record/bg-left.png"},"compId":5},{"type":"Sprite","props":{"y":150,"x":929,"texture":"image/pop/record/bg-right.png"},"compId":6},{"type":"Image","props":{"y":144,"x":75,"width":856,"skin":"image/pop/record/bg-con.png","sizeGrid":"0,5,0,5,1","height":484},"compId":7}]},{"type":"Label","props":{"y":0,"width":277,"var":"title","valign":"middle","text":"道具存量1","strokeColor":"#024b7d","stroke":3,"height":76,"fontSize":36,"color":"#ffffff","centerX":0,"align":"center"},"compId":42},{"type":"Button","props":{"y":1,"x":929.5,"stateNum":1,"skin":"image/pop/record/close.png","name":"close"},"compId":43},{"type":"Box","props":{"y":134,"x":30,"width":935,"var":"content","height":400},"compId":15,"child":[{"type":"Image","props":{"width":935,"skin":"image/pop/record/list-bg.png","sizeGrid":"48,16,13,19","name":"con_bg","height":400},"compId":14},{"type":"Box","props":{"y":0,"x":0,"width":935,"var":"title_box","height":40},"compId":44,"child":[{"type":"Label","props":{"y":2,"x":0,"width":190,"valign":"middle","text":"道具类型1","name":"type","height":36,"fontSize":20,"color":"#ffea7b","align":"center"},"compId":16},{"type":"Label","props":{"y":2,"x":186,"width":190,"valign":"middle","text":"购买数量总和1","name":"buy_total","height":36,"fontSize":20,"color":"#ffea7b","align":"center"},"compId":17},{"type":"Label","props":{"y":2,"x":373,"width":190,"valign":"middle","text":"游戏赠送总和1","name":"give_total","height":36,"fontSize":20,"color":"#ffea7b","align":"center"},"compId":18},{"type":"Label","props":{"y":2,"x":559,"width":190,"valign":"middle","text":"剩余数量1","name":"remain","height":36,"fontSize":20,"color":"#ffea7b","align":"center"},"compId":19},{"type":"Label","props":{"y":2,"x":745,"width":190,"valign":"middle","text":"场次1","name":"no","height":36,"fontSize":20,"color":"#ffea7b","align":"center"},"compId":20}]},{"type":"List","props":{"y":40,"x":5,"width":924,"var":"record_list","repeatY":10,"height":365},"compId":21,"child":[{"type":"Box","props":{"y":0,"x":-6,"width":935,"renderType":"render","name":"item","height":35},"compId":22,"child":[{"type":"Label","props":{"y":-1,"x":0,"width":190,"valign":"middle","text":"道具类型","name":"type","height":35,"fontSize":20,"color":"#fff1c5","align":"center"},"compId":23},{"type":"Label","props":{"y":0,"x":186,"width":190,"valign":"middle","text":"道具类型","name":"buy_total","height":35,"fontSize":20,"color":"#fff1c5","align":"center"},"compId":24},{"type":"Label","props":{"y":0,"x":373,"width":190,"valign":"middle","text":"道具类型","name":"give_total","height":35,"fontSize":20,"color":"#fff1c5","align":"center"},"compId":25},{"type":"Label","props":{"y":0,"x":559,"width":190,"valign":"middle","text":"道具类型","name":"remain","height":35,"fontSize":20,"color":"#fff1c5","align":"center"},"compId":26},{"type":"Label","props":{"y":0,"x":745,"width":190,"valign":"middle","text":"道具类型","name":"no","height":35,"fontSize":20,"color":"#fff1c5","align":"center"},"compId":27},{"type":"Sprite","props":{"y":35,"x":1,"texture":"image/pop/record/list-line.png"},"compId":28}]}]}]},{"type":"Label","props":{"y":316,"x":384,"width":190,"visible":false,"var":"empty_tip","valign":"middle","text":"暂无数据","height":36,"fontSize":20,"color":"#ffea7b","align":"center"},"compId":47},{"type":"Box","props":{"y":537,"width":657,"var":"pagination","height":47,"centerX":0},"compId":30,"child":[{"type":"Button","props":{"y":4,"x":0,"var":"btn_prev","stateNum":1,"skin":"image/pop/record/btn_pagination1.png"},"compId":29,"child":[{"type":"Sprite","props":{"y":8,"x":23,"texture":"image/pop/record/left.png"},"compId":31}]},{"type":"Button","props":{"y":4,"x":434,"var":"btn_next","stateNum":1,"skin":"image/pop/record/btn_pagination1.png"},"compId":32,"child":[{"type":"Sprite","props":{"y":6,"x":26,"texture":"image/pop/record/next.png"},"compId":33}]},{"type":"Button","props":{"y":1,"x":71,"stateNum":1,"skin":"image/pop/record/btn_pagination2.png"},"compId":34,"child":[{"type":"Label","props":{"y":5,"x":8,"width":54,"valign":"middle","text":"1","height":29,"fontSize":25,"color":"#06684a","bold":true,"align":"center"},"compId":35}]}]},{"type":"Box","props":{"y":83,"x":32,"var":"search_box"},"compId":41,"child":[{"type":"itemMenu","props":{"y":39,"x":280,"visible":false,"var":"item_menu","runtime":"ui.pop.record.itemMenuUI"},"compId":39},{"type":"coinMenu","props":{"y":39,"width":250,"visible":false,"var":"coin_menu","height":345,"runtime":"ui.pop.record.coinMenuUI"},"compId":40},{"type":"selectItemBox","props":{"y":0,"x":280,"var":"select_item","runtime":"ui.pop.record.selectItemBoxUI"},"compId":12},{"type":"selectCoinBox","props":{"y":0,"x":0,"var":"select_coin","runtime":"ui.pop.record.selectCoinBoxUI"},"compId":10},{"type":"Sprite","props":{"y":-2,"x":793,"var":"btn_search","texture":"image/pop/record/btn-bg.png"},"compId":45,"child":[{"type":"Label","props":{"y":6,"x":5,"width":114,"var":"btn_search_label","valign":"middle","text":"查询","height":34,"fontSize":22,"color":"#255a85","bold":true,"align":"center"},"compId":46}]}]}],"loadList":["image/pop/record/bg-top-1.png","image/pop/record/bg-left.png","image/pop/record/bg-right.png","image/pop/record/bg-con.png","image/pop/record/close.png","image/pop/record/list-bg.png","image/pop/record/list-line.png","image/pop/record/btn_pagination1.png","image/pop/record/left.png","image/pop/record/next.png","image/pop/record/btn_pagination2.png","pop/record/itemMenu.scene","pop/record/coinMenu.scene","pop/record/selectItemBox.scene","pop/record/selectCoinBox.scene","image/pop/record/btn-bg.png"],"loadList3D":[]}