{"type":"Scene","props":{"width":268,"height":42},"compId":2,"child":[{"type":"Sprite","props":{"y":0,"x":-3,"texture":"image/pop/record/select-bg.png"},"compId":3},{"type":"Sprite","props":{"y":11.5,"x":231,"texture":"image/pop/record/triangle.png"},"compId":4},{"type":"Sprite","props":{"y":0,"x":221,"texture":"image/pop/record/selectLine.png"},"compId":5},{"type":"Label","props":{"y":12,"x":43,"width":167,"var":"coin_name","valign":"middle","overflow":"hidden","height":20,"fontSize":20,"color":"#fff392"},"compId":6},{"type":"Image","props":{"y":6,"x":7,"width":30,"var":"coin_icon","height":30},"compId":7}],"loadList":["image/pop/record/select-bg.png","image/pop/record/triangle.png","image/pop/record/selectLine.png"],"loadList3D":[]}