{"type":"Dialog","props":{"width":1061,"height":634},"compId":2,"child":[{"type":"Box","props":{"y":0,"x":0},"compId":10,"child":[{"type":"Sprite","props":{"y":0,"x":0,"texture":"image/pop/arenaRank/bgTop.png"},"compId":6},{"type":"Button","props":{"y":11,"x":951,"stateNum":1,"skin":"image/pop/arenaRank/icon-close.png","name":"close"},"compId":7},{"type":"Image","props":{"y":138,"x":7,"width":1054,"skin":"image/pop/arenaRank/bgBottom.png","sizeGrid":"0,77,0,58","height":496},"compId":8},{"type":"Label","props":{"y":16,"x":153,"width":754,"var":"title","valign":"middle","text":"每日排行","strokeColor":"#024b7d","stroke":3,"height":76,"fontSize":43,"color":"#ffffff","align":"center"},"compId":9},{"type":"Image","props":{"y":93,"x":41,"width":959,"skin":"image/pop/arenaRank/bgInner1.png","sizeGrid":"35,20,36,14","height":510},"compId":11},{"type":"Image","props":{"y":172,"x":61,"width":920,"skin":"image/pop/arenaRank/bgInner2.png","sizeGrid":"15,16,33,25","height":414},"compId":12}]},{"type":"Tab","props":{"y":109,"x":86,"var":"tab","selectedIndex":0},"compId":24,"child":[{"type":"Button","props":{"stateNum":2,"skin":"image/pop/arenaRank/btnClip.png","name":"item0","labelSize":20,"labelPadding":"0,2,3,0","labelColors":"#183272,#fff","label":"今日排行"},"compId":15},{"type":"Button","props":{"x":145,"stateNum":2,"skin":"image/pop/arenaRank/btnClip.png","name":"item1","labelSize":20,"labelPadding":"0,2,3,0","labelColors":"#183272,#fff","label":"昨日排行"},"compId":17}]},{"type":"ViewStack","props":{"y":174,"x":68,"var":"tabBody","selectedIndex":0},"compId":26,"child":[{"type":"List","props":{"width":912,"var":"today_list","vScrollBarSkin":"\"\"","repeatY":7,"repeatX":1,"name":"item0","height":406},"compId":18,"child":[{"type":"Box","props":{"y":10,"x":0,"width":911,"renderType":"render","height":55},"compId":19,"child":[{"type":"Clip","props":{"y":11,"x":44,"skin":"image/pop/arenaRank/iconRank.png","name":"clip","clipY":1,"clipX":3},"compId":20},{"type":"Label","props":{"y":24,"x":110,"width":204,"text":"343******4 ","name":"label1","height":20,"fontSize":20,"color":"#f9fffe","align":"center"},"compId":21},{"type":"Label","props":{"y":24,"x":337,"width":227,"text":"343******4 ","name":"label2","height":20,"fontSize":20,"color":"#f9fffe","align":"center"},"compId":22},{"type":"Label","props":{"y":24,"x":590,"width":263,"text":"343******4 ","name":"label3","height":20,"fontSize":20,"color":"#f9fffe","align":"center"},"compId":23}]}]},{"type":"List","props":{"y":0,"x":0,"width":912,"var":"yes_list","vScrollBarSkin":"\"\"","repeatY":7,"repeatX":1,"name":"item1","height":406},"compId":27,"child":[{"type":"Box","props":{"y":10,"x":0,"width":911,"renderType":"render","height":55},"compId":28,"child":[{"type":"Clip","props":{"y":11,"x":44,"skin":"image/pop/arenaRank/iconRank.png","name":"clip","clipY":1,"clipX":3},"compId":29},{"type":"Label","props":{"y":24,"x":110,"width":204,"text":"343******4 ","name":"label1","height":20,"fontSize":20,"color":"#f9fffe","align":"center"},"compId":30},{"type":"Label","props":{"y":24,"x":337,"width":227,"text":"343******4 ","name":"label2","height":20,"fontSize":20,"color":"#f9fffe","align":"center"},"compId":31},{"type":"Label","props":{"y":24,"x":590,"width":263,"text":"343******4 ","name":"label3","height":20,"fontSize":20,"color":"#f9fffe","align":"center"},"compId":32}]}]}]}],"loadList":["image/pop/arenaRank/bgTop.png","image/pop/arenaRank/icon-close.png","image/pop/arenaRank/bgBottom.png","image/pop/arenaRank/bgInner1.png","image/pop/arenaRank/bgInner2.png","image/pop/arenaRank/btnClip.png","image/pop/arenaRank/iconRank.png"],"loadList3D":[]}