{"frames":{"bgBottom.png":{"frame":{"h":305,"idx":0,"w":153,"x":178,"y":0},"sourceSize":{"h":305,"w":153},"spriteSourceSize":{"x":0,"y":0}},"icon-close.png":{"frame":{"h":71,"idx":0,"w":67,"x":332,"y":219},"sourceSize":{"h":71,"w":67},"spriteSourceSize":{"x":0,"y":0}},"innerBg.png":{"frame":{"h":92,"idx":0,"w":77,"x":332,"y":126},"sourceSize":{"h":92,"w":77},"spriteSourceSize":{"x":0,"y":0}},"innerShadow.png":{"frame":{"h":39,"idx":0,"w":26,"x":400,"y":219},"sourceSize":{"h":39,"w":26},"spriteSourceSize":{"x":0,"y":0}},"itemBg.png":{"frame":{"h":295,"idx":0,"w":177,"x":0,"y":0},"sourceSize":{"h":295,"w":177},"spriteSourceSize":{"x":0,"y":0}},"sign-trophy.png":{"frame":{"h":125,"idx":0,"w":136,"x":332,"y":0},"sourceSize":{"h":125,"w":136},"spriteSourceSize":{"x":0,"y":0}}},"meta":{"image":"arenaTopPlayer.png","prefix":"image/pop/arenaTopPlayer/"}}