{"type":"Dialog","props":{"width":994,"runtime":"view/pop/record/arenaRewardRecord.ts","isModal":true,"height":604},"compId":2,"child":[{"type":"Box","props":{"y":-15,"x":-24,"var":"bg"},"compId":50,"child":[{"type":"Sprite","props":{"y":0,"x":0,"texture":"image/pop/record/bg-top-1.png"},"compId":57},{"type":"Sprite","props":{"y":150,"x":0,"texture":"image/pop/record/bg-left.png"},"compId":58},{"type":"Sprite","props":{"y":150,"x":929,"texture":"image/pop/record/bg-right.png"},"compId":59},{"type":"Image","props":{"y":144,"x":75,"width":856,"skin":"image/pop/record/bg-con.png","sizeGrid":"0,5,0,5,1","height":484},"compId":60}]},{"type":"Label","props":{"y":0,"x":0,"width":277,"var":"title","valign":"middle","text":"奖励查询","strokeColor":"#024b7d","stroke":3,"height":76,"fontSize":36,"color":"#ffffff","centerX":0,"align":"center"},"compId":51},{"type":"Button","props":{"y":1,"x":929,"stateNum":1,"skin":"image/pop/record/close.png","name":"close"},"compId":52},{"type":"Box","props":{"y":134,"x":30,"width":935,"var":"content","height":400},"compId":53,"child":[{"type":"Image","props":{"width":935,"skin":"image/pop/record/list-bg.png","sizeGrid":"48,16,13,19","name":"con_bg","height":400},"compId":61},{"type":"Box","props":{"y":0,"x":0,"width":935,"var":"title_box","height":40},"compId":62,"child":[{"type":"Label","props":{"y":0,"x":0,"width":200,"valign":"middle","text":"用户","name":"username","height":36,"fontSize":20,"color":"#ffea7b","align":"center"},"compId":94},{"type":"Label","props":{"y":0,"x":245,"width":200,"valign":"middle","text":"名次","name":"grade","height":36,"fontSize":20,"color":"#ffea7b","align":"center"},"compId":90},{"type":"Label","props":{"y":0,"x":490,"width":200,"valign":"middle","text":"时间","name":"time","height":36,"fontSize":20,"color":"#ffea7b","align":"center"},"compId":63},{"type":"Label","props":{"y":0,"x":735,"width":200,"valign":"middle","text":"奖励","name":"num","height":36,"fontSize":20,"color":"#ffea7b","align":"center"},"compId":64}]},{"type":"List","props":{"y":40,"x":5,"width":924,"var":"record_list","repeatY":10,"height":365},"compId":68,"child":[{"type":"Box","props":{"y":0,"x":-6,"width":935,"renderType":"render","name":"item","height":35},"compId":69,"child":[{"type":"Label","props":{"y":0,"x":0,"width":200,"valign":"middle","text":"名次","name":"username","height":36,"fontSize":20,"color":"#fff","align":"center"},"compId":95},{"type":"Label","props":{"y":0,"x":245,"width":200,"valign":"middle","text":"名次","name":"grade","height":36,"fontSize":20,"color":"#fff","align":"center"},"compId":91},{"type":"Label","props":{"y":0,"x":490,"width":200,"valign":"middle","text":"名次","name":"time","height":36,"fontSize":20,"color":"#fff","align":"center"},"compId":92},{"type":"Label","props":{"y":0,"x":735,"width":200,"valign":"middle","text":"奖励","name":"num","height":36,"fontSize":20,"color":"#fff","align":"center"},"compId":93}]}]}]},{"type":"Label","props":{"y":316,"x":384,"width":190,"visible":false,"var":"empty_tip","valign":"middle","text":"暂无数据","height":36,"fontSize":20,"color":"#ffea7b","align":"center"},"compId":54},{"type":"Box","props":{"y":537,"x":0,"width":657,"var":"pagination","height":47,"centerX":0},"compId":55,"child":[{"type":"Button","props":{"y":4,"x":0,"var":"btn_prev","stateNum":1,"skin":"image/pop/record/btn_pagination1.png"},"compId":76,"child":[{"type":"Sprite","props":{"y":8,"x":23,"texture":"image/pop/record/left.png"},"compId":77}]},{"type":"Button","props":{"y":4,"x":434,"var":"btn_next","stateNum":1,"skin":"image/pop/record/btn_pagination1.png"},"compId":78,"child":[{"type":"Sprite","props":{"y":6,"x":26,"texture":"image/pop/record/next.png"},"compId":79}]},{"type":"Button","props":{"y":1,"x":71,"stateNum":1,"skin":"image/pop/record/btn_pagination2.png"},"compId":80,"child":[{"type":"Label","props":{"y":5,"x":8,"width":54,"valign":"middle","text":"1","height":29,"fontSize":25,"color":"#06684a","bold":true,"align":"center"},"compId":81}]}]},{"type":"Box","props":{"y":83,"x":32,"width":934,"var":"search_box","height":239},"compId":56,"child":[{"type":"selectItemBox","props":{"y":0,"x":0,"var":"select_item1","runtime":"ui.pop.record.selectItemBoxUI"},"compId":85},{"type":"itemMenu","props":{"y":39,"x":0,"visible":false,"var":"item_menu1","runtime":"ui.pop.record.itemMenuUI"},"compId":84},{"type":"itemMenu","props":{"y":39,"x":280,"visible":false,"var":"item_menu2","runtime":"ui.pop.record.itemMenuUI"},"compId":82},{"type":"selectItemBox","props":{"y":0,"x":280,"var":"select_item2","runtime":"ui.pop.record.selectItemBoxUI"},"compId":83},{"type":"Sprite","props":{"y":-2,"x":793,"var":"btn_search","texture":"image/pop/record/btn-bg.png"},"compId":86,"child":[{"type":"Label","props":{"y":6,"x":5,"width":114,"var":"btn_search_label","valign":"middle","text":"查询","height":34,"fontSize":22,"color":"#255a85","bold":true,"align":"center"},"compId":87}]}]}],"loadList":["image/pop/record/bg-top-1.png","image/pop/record/bg-left.png","image/pop/record/bg-right.png","image/pop/record/bg-con.png","image/pop/record/close.png","image/pop/record/list-bg.png","image/pop/record/btn_pagination1.png","image/pop/record/left.png","image/pop/record/next.png","image/pop/record/btn_pagination2.png","pop/record/selectItemBox.scene","pop/record/itemMenu.scene","image/pop/record/btn-bg.png"],"loadList3D":[]}