{"type":"Dialog","props":{"width":725,"runtime":"view/pop/record/gameRecord.ts","isModal":true,"height":604},"compId":2,"child":[{"type":"Box","props":{"y":-18,"x":-23,"var":"bg"},"compId":3,"child":[{"type":"Sprite","props":{"y":0,"x":9,"width":746,"texture":"image/pop/record/bg-top.png","height":150},"compId":9},{"type":"Sprite","props":{"y":150,"x":0,"texture":"image/pop/record/bg-left.png"},"compId":10},{"type":"Sprite","props":{"y":150,"x":658,"texture":"image/pop/record/bg-right.png"},"compId":11},{"type":"Image","props":{"y":144,"x":75,"width":584,"skin":"image/pop/record/bg-con.png","sizeGrid":"6,2,2,14,1","height":488},"compId":12}]},{"type":"Label","props":{"y":0,"width":277,"var":"title","valign":"middle","text":"游戏存量1","strokeColor":"#024b7d","stroke":2,"height":76,"fontSize":36,"color":"#ffffff","centerX":0,"align":"center"},"compId":4},{"type":"Button","props":{"y":-4,"x":669.5,"stateNum":1,"skin":"image/pop/record/close.png","name":"close"},"compId":5},{"type":"Box","props":{"y":127,"x":27,"width":672,"var":"content","height":400},"compId":6,"child":[{"type":"Image","props":{"y":0,"x":0,"width":672,"skin":"image/pop/record/list-bg.png","sizeGrid":"48,16,13,19","name":"con_bg","height":400},"compId":13},{"type":"Box","props":{"y":0,"x":107,"width":458,"var":"title_box","height":40},"compId":14,"child":[{"type":"Label","props":{"y":2,"x":0,"width":190,"valign":"middle","text":"子弹消耗","name":"cost","height":36,"fontSize":20,"color":"#ffea7b","align":"center"},"compId":18},{"type":"Label","props":{"y":2,"x":268,"width":190,"valign":"middle","text":"收益","name":"prize","height":36,"fontSize":20,"color":"#ffea7b","align":"center"},"compId":19}]},{"type":"List","props":{"y":40,"x":5,"width":666,"var":"record_list","rotation":0,"repeatY":10,"repeatX":1,"height":361},"compId":20,"child":[{"type":"Box","props":{"y":0,"x":104,"width":458,"renderType":"render","name":"item","height":35},"compId":21,"child":[{"type":"Label","props":{"y":1,"x":0,"width":190,"valign":"middle","text":"道具类型","name":"cost","height":34,"fontSize":20,"color":"#fff1c5","align":"center"},"compId":26},{"type":"Label","props":{"y":1,"x":268,"width":190,"valign":"middle","text":"剩余数量","name":"prize","height":34,"fontSize":20,"color":"#fff","align":"center"},"compId":40},{"type":"Sprite","props":{"y":35,"x":-71,"width":600,"texture":"image/pop/record/list-line.png"},"compId":27}]}]}]},{"type":"Label","props":{"y":317,"x":267,"width":190,"var":"empty_tip","valign":"middle","text":"暂无数据","height":36,"fontSize":20,"color":"#ffea7b","align":"center"},"compId":42},{"type":"Box","props":{"y":532,"width":643,"var":"pagination","height":47,"centerX":0},"compId":7,"child":[{"type":"Button","props":{"y":4,"x":0,"var":"btn_prev","stateNum":1,"skin":"image/pop/record/btn_pagination1.png"},"compId":28,"child":[{"type":"Sprite","props":{"y":8,"x":23,"texture":"image/pop/record/left.png"},"compId":29}]},{"type":"Button","props":{"y":4,"x":434,"var":"btn_next","stateNum":1,"skin":"image/pop/record/btn_pagination1.png"},"compId":30,"child":[{"type":"Sprite","props":{"y":6,"x":26,"texture":"image/pop/record/next.png"},"compId":31}]},{"type":"Button","props":{"y":1,"x":71,"stateNum":1,"skin":"image/pop/record/btn_pagination2.png"},"compId":32,"child":[{"type":"Label","props":{"y":5,"x":8,"width":54,"valign":"middle","text":"1","height":29,"fontSize":25,"color":"#06684a","bold":true,"align":"center"},"compId":33}]}]},{"type":"Box","props":{"y":71,"x":29,"var":"search_box"},"compId":8,"child":[{"type":"Sprite","props":{"y":0,"x":550,"var":"btn_search","texture":"image/pop/record/btn-bg.png"},"compId":34,"child":[{"type":"Label","props":{"y":6,"x":5,"width":114,"var":"btn_search_label","valign":"middle","text":"查询","height":34,"fontSize":22,"color":"#255a85","bold":true,"align":"center"},"compId":35}]},{"type":"coinMenu","props":{"y":39,"width":250,"visible":false,"var":"coin_menu","height":345,"runtime":"ui.pop.record.coinMenuUI"},"compId":37},{"type":"dateMenu","props":{"y":37,"x":280,"var":"date_menu","runtime":"ui.pop.record.dateMenuUI"},"compId":41},{"type":"selectItemBox","props":{"y":2,"x":274,"var":"select_item","runtime":"ui.pop.record.selectItemBoxUI"},"compId":38},{"type":"selectCoinBox","props":{"y":2,"x":0,"var":"select_coin","runtime":"ui.pop.record.selectCoinBoxUI"},"compId":39}]}],"loadList":["image/pop/record/bg-top.png","image/pop/record/bg-left.png","image/pop/record/bg-right.png","image/pop/record/bg-con.png","image/pop/record/close.png","image/pop/record/list-bg.png","image/pop/record/list-line.png","image/pop/record/btn_pagination1.png","image/pop/record/left.png","image/pop/record/next.png","image/pop/record/btn_pagination2.png","image/pop/record/btn-bg.png","pop/record/coinMenu.scene","pop/record/dateMenu.scene","pop/record/selectItemBox.scene","pop/record/selectCoinBox.scene"],"loadList3D":[]}