{"type":"Dialog","props":{"width":1083,"height":442},"compId":2,"child":[{"type":"SkeletonPlayer","props":{"y":32,"x":548,"url":"image/pop/lottery/exchange_item_light.sk","runtime":"Laya.Skeleton"},"compId":17},{"type":"Box","props":{"y":0,"x":-138,"name":"bg"},"compId":7,"child":[{"type":"Sprite","props":{"y":39,"texture":"image/pop/arenaSettle/bg.png"},"compId":4},{"type":"Button","props":{"y":39,"x":1024,"stateNum":1,"skin":"image/pop/arenaSettle/icon-close.png","name":"close"},"compId":3},{"type":"Sprite","props":{"x":362,"texture":"image/pop/arenaSettle/ribbon.png"},"compId":5},{"type":"Label","props":{"y":16,"x":493,"width":370,"valign":"middle","text":"比赛结算","strokeColor":"#972a1a","stroke":2,"height":37,"fontSize":30,"color":"#fff6c2","align":"center"},"compId":9}]},{"type":"Button","props":{"y":386,"x":541,"var":"btn_continue","stateNum":1,"skin":"image/pop/arenaSettle/btn.png","labelStrokeColor":"#914516","labelStroke":2,"labelSize":20,"labelPadding":"0,0,5,0","labelColors":"#fff","label":"重新参赛 1USDT","anchorY":0.5,"anchorX":0.5},"compId":6},{"type":"Label","props":{"y":283,"x":345,"width":387,"var":"tip_label","valign":"middle","text":"*比赛结束前，奖励可能产生变化","overflow":"visible","height":36,"fontSize":16,"color":"#cacbe1","bold":true,"align":"center"},"compId":8},{"type":"Label","props":{"y":124,"x":312,"width":286,"var":"info_label","text":"123***6\\n当前排名：12\\n今日最高捕获分数： 1234\\n本次捕获分数：887","strokeColor":"#242747","stroke":1,"leading":15,"height":138,"fontSize":20,"color":"#ffe383"},"compId":10},{"type":"Image","props":{"y":157,"x":684,"width":96,"var":"reward_box","skin":"image/pop/arenaSettle/itemBg.png","height":95},"compId":11,"child":[{"type":"Label","props":{"y":-35,"x":-47,"width":186,"var":"name_label","text":"排行奖励","strokeColor":"#242747","stroke":1,"leading":15,"height":21,"fontSize":20,"color":"#ffe383","align":"center"},"compId":16},{"type":"Box","props":{"y":17,"x":-45,"width":231,"scaleY":0.8,"scaleX":0.8,"height":75},"compId":18,"child":[{"type":"Label","props":{"y":3,"var":"num_label","valign":"middle","text":"1000.1","strokeColor":"#692315","stroke":2,"right":0,"left":0,"height":30,"fontSize":36,"font":"lottery","color":"#f4e090","bold":true,"align":"center"},"compId":13},{"type":"Label","props":{"y":41,"x":0,"var":"currency_label","valign":"middle","text":"USDT","strokeColor":"#692315","stroke":2,"right":0,"left":0,"height":30,"fontSize":36,"font":"alphabet","color":"#f4e090","bold":true,"align":"center"},"compId":14}]}]},{"type":"Label","props":{"y":194,"x":165,"width":752,"var":"guess_label","text":"本次捕获分数：887","strokeColor":"#242747","stroke":1,"leading":15,"height":27,"fontSize":30,"color":"#ffe383","align":"center"},"compId":19}],"loadList":["image/pop/lottery/exchange_item_light.sk","image/pop/arenaSettle/bg.png","image/pop/arenaSettle/icon-close.png","image/pop/arenaSettle/ribbon.png","image/pop/arenaSettle/btn.png","image/pop/arenaSettle/itemBg.png"],"loadList3D":[]}