{"type":"Dialog","props":{"width":1004,"runtime":"view/pop/help.ts","height":690},"compId":2,"child":[{"type":"Box","props":{"y":0,"x":0,"width":1004,"var":"bg","height":702},"compId":10,"child":[{"type":"Image","props":{"y":0,"x":0,"skin":"image/pop/help/help_bg_01.png"},"compId":57},{"type":"Image","props":{"y":128,"x":0,"width":1004,"skin":"image/pop/help/help_bg_02.png","sizeGrid":"0,57,0,57","height":569},"compId":5},{"type":"Label","props":{"y":1,"x":363,"width":277,"var":"title","valign":"middle","text":"帮助","strokeColor":"#024b7d","stroke":3,"height":76,"fontSize":43,"color":"#ffffff","centerX":0,"align":"center"},"compId":37},{"type":"Button","props":{"y":0,"x":931,"stateNum":1,"skin":"image/pop/help/btn_close.png","name":"close"},"compId":8},{"type":"Sprite","props":{"y":611,"x":964.5,"texture":"image/pop/help/bg_item2.png"},"compId":61},{"type":"Sprite","props":{"y":-24,"x":-21,"texture":"image/pop/help/bg_item4.png"},"compId":62},{"type":"Sprite","props":{"y":-17,"x":783,"texture":"image/pop/help/bg_item1.png"},"compId":63}]},{"type":"Box","props":{"y":95,"x":37,"width":929,"var":"glr","height":536},"compId":9,"child":[{"type":"Tab","props":{"y":536,"x":396,"width":137,"selectedIndex":0,"name":"pagination","height":20},"compId":11,"child":[{"type":"Button","props":{"y":0,"x":0,"width":20,"toggle":false,"stateNum":2,"skin":"image/pop/help/pagination.png","name":"item0","height":21},"compId":12},{"type":"Button","props":{"y":0,"x":56,"width":20,"stateNum":2,"skin":"image/pop/help/pagination.png","name":"item1","height":21},"compId":36},{"type":"Button","props":{"y":0,"x":112,"width":20,"stateNum":2,"skin":"image/pop/help/pagination.png","name":"item2","height":21},"compId":43}]},{"type":"Box","props":{"y":0,"x":2,"width":925,"name":"con","height":527},"compId":28,"child":[{"type":"ViewStack","props":{"y":7,"x":0,"width":931,"selectedIndex":2,"name":"list","height":503},"compId":14,"child":[{"type":"Box","props":{"y":0,"x":2,"width":927,"var":"item0","height":495},"compId":16,"child":[{"type":"Box","props":{"y":0,"x":0,"var":"item0_wrap"},"compId":55,"child":[{"type":"Label","props":{"y":0,"x":0,"wordWrap":true,"width":910,"var":"intro1","text":"具体文案请见策划文档具体文案请见策划文档具体文案请见策划文档具体文案请见策划文档","leading":3,"fontSize":21,"color":"#f6eae4"},"compId":29},{"type":"Box","props":{"y":68,"x":0},"compId":50,"child":[{"type":"Image","props":{"width":925,"skin":"image/pop/help/con_bg.png","sizeGrid":"46,30,42,36","height":410},"compId":31},{"type":"List","props":{"y":16,"x":10,"width":904,"var":"fish_list","spaceY":20,"spaceX":17,"repeatY":3,"repeatX":8,"height":376},"compId":30,"child":[{"type":"helpItem","props":{"y":1,"x":0,"renderType":"render","name":"item","runtime":"ui.pop.help.helpItemUI"},"compId":32}]}]}]}]},{"type":"Box","props":{"y":0,"x":0,"width":924,"var":"item1","height":488},"compId":15,"child":[{"type":"Box","props":{"y":0,"x":-1,"var":"item1_wrap"},"compId":56,"child":[{"type":"Label","props":{"y":0,"x":4,"wordWrap":true,"width":910,"var":"intro2","text":"具体文案请见策划文档具体文案请见策划文档具体文案请见策划文档具体文案请见策划文档","leading":3,"fontSize":21,"color":"#f6eae4"},"compId":38},{"type":"List","props":{"y":21,"width":927,"var":"skill_list","spaceY":15,"repeatY":4,"repeatX":1,"height":471},"compId":35,"child":[{"type":"skillItem","props":{"y":19,"x":-1,"renderType":"render","name":"item","runtime":"ui.pop.help.skillItemUI"},"compId":34}]}]}]},{"type":"Box","props":{"y":0,"x":0,"width":924,"var":"item2","height":497},"compId":39,"child":[{"type":"Box","props":{"y":0,"x":0,"var":"item2_wrap"},"compId":54,"child":[{"type":"Label","props":{"y":0,"x":4,"wordWrap":true,"width":910,"var":"intro3","text":"具体文案请见策划文档具体文案请见策划文档具体文案请见策划文档具体文案请见策划文档","leading":3,"fontSize":21,"color":"#f6eae4"},"compId":40},{"type":"Label","props":{"y":45,"x":8,"wordWrap":true,"width":910,"var":"intro31","text":"具体文案请见策划文档具体文案请见策划文档具体文案请见策划文档具体文案请见策划文档","leading":3,"fontSize":21,"color":"#f6eae4"},"compId":44},{"type":"Label","props":{"y":176,"x":4,"wordWrap":true,"width":910,"var":"intro4","text":"具体文案请见策划文档具体文案请见策划文档具体文案请见策划文档具体文案请见策划文档","leading":3,"fontSize":21,"color":"#f6eae4"},"compId":52},{"type":"Label","props":{"y":221,"x":8,"wordWrap":true,"width":910,"var":"intro41","text":"具体文案请见策划文档具体文案请见策划文档具体文案请见策划文档具体文案请见策划文档","leading":3,"fontSize":21,"color":"#f6eae4"},"compId":53}]}]}]}]}]}],"loadList":["image/pop/help/help_bg_01.png","image/pop/help/help_bg_02.png","image/pop/help/btn_close.png","image/pop/help/bg_item2.png","image/pop/help/bg_item4.png","image/pop/help/bg_item1.png","image/pop/help/pagination.png","image/pop/help/con_bg.png","pop/help/helpItem.scene","pop/help/skillItem.scene"],"loadList3D":[]}