{"type":"View","props":{"width":177,"height":295},"compId":2,"child":[{"type":"Sprite","props":{"y":0,"x":0,"texture":"image/pop/arenaTopPlayer/itemBg.png"},"compId":3},{"type":"Label","props":{"y":15,"x":4,"width":168,"var":"time_label","text":"10.25～10.31","overflow":"scroll","height":22,"fontSize":18,"color":"#ffe7cb","align":"center"},"compId":5},{"type":"Sprite","props":{"y":53,"x":20.5,"texture":"image/pop/arenaTopPlayer/sign-trophy.png"},"compId":4},{"type":"Label","props":{"y":204,"x":4,"width":168,"var":"nickname_label","text":"1012***4745","height":14,"fontSize":18,"color":"#904516","align":"center"},"compId":6},{"type":"Label","props":{"y":243,"x":4,"width":168,"var":"score_label","text":"积分：4520","strokeColor":"#fff","stroke":2,"height":22,"fontSize":20,"color":"#7c4113","align":"center"},"compId":7}],"loadList":["image/pop/arenaTopPlayer/itemBg.png","image/pop/arenaTopPlayer/sign-trophy.png"],"loadList3D":[]}